ideal_ligand,protein,native_ligand,CNN_pose,CNN_VS,RMSD
27J_min,4TUZ,36J_redock_4TUZ,0.7166,4.7162,1.4198
27J_min,3UUD,EST_redock_3UUD,0.7024,4.7255,inf
27J_min,6CBZ,EST_redock_6CBZ,0.6954,4.6440,inf
27J_min,1GWR,EST_redock_1GWR,0.6786,4.5943,inf
27J_min,4ZN7,DES_redock_4ZN7,0.6563,4.2751,inf
27J_min,4MG9,27K_redock_4MG9,0.6129,4.1214,2.2296
27J_min,3ERD,DES_redock_3ERD,0.6122,3.9326,inf
27J_min,4MG8,27J_redock_4MG8,0.6103,3.9176,1.4909
27J_min,4MGC,27M_redock_4MGC,0.6062,4.0048,inf
27J_min,1ERE,EST_redock_1ERE,0.5618,3.5883,inf
27J_min,1G50,EST_redock_1G50,0.4775,3.0690,inf
27J_min,3UU7,2OH_redock_3UU7,0.4592,3.0779,inf
27J_min,4MGA,27L_redock_4MGA,0.4549,2.8513,inf
27K_min,4ZN7,DES_redock_4ZN7,0.9421,5.5456,inf
27K_min,4MG8,27J_redock_4MG8,0.9301,4.8610,inf
27K_min,3UUD,EST_redock_3UUD,0.9240,5.3583,inf
27K_min,3ERD,DES_redock_3ERD,0.9184,5.2166,inf
27K_min,4MG9,27K_redock_4MG9,0.9180,5.0754,2.4762
27K_min,6CBZ,EST_redock_6CBZ,0.9179,5.4389,inf
27K_min,3UU7,2OH_redock_3UU7,0.9155,5.4391,inf
27K_min,1G50,EST_redock_1G50,0.9090,5.8026,inf
27K_min,1GWR,EST_redock_1GWR,0.9009,5.0294,inf
27K_min,4MGA,27L_redock_4MGA,0.9006,5.4025,inf
27K_min,4TUZ,36J_redock_4TUZ,0.8896,5.5026,inf
27K_min,4MGC,27M_redock_4MGC,0.8889,5.3522,inf
27K_min,1ERE,EST_redock_1ERE,0.8852,5.2733,inf
27L_min,4ZN7,DES_redock_4ZN7,0.9538,6.8021,inf
27L_min,3ERD,DES_redock_3ERD,0.9534,6.9106,inf
27L_min,1ERE,EST_redock_1ERE,0.9448,6.8283,inf
27L_min,3UU7,2OH_redock_3UU7,0.9416,6.6496,inf
27L_min,4MGA,27L_redock_4MGA,0.9398,7.0282,1.1577
27L_min,3UUD,EST_redock_3UUD,0.9363,6.5450,inf
27L_min,1G50,EST_redock_1G50,0.9310,6.8196,inf
27L_min,6CBZ,EST_redock_6CBZ,0.9286,6.6531,inf
27L_min,4MGC,27M_redock_4MGC,0.9263,6.3932,inf
27L_min,4MG9,27K_redock_4MG9,0.9250,6.3581,inf
27L_min,4TUZ,36J_redock_4TUZ,0.8910,6.1919,inf
27L_min,1GWR,EST_redock_1GWR,0.8885,6.0570,inf
27L_min,4MG8,27J_redock_4MG8,0.8693,5.9052,inf
27M_min,4ZN7,DES_redock_4ZN7,0.8794,5.3391,inf
27M_min,1GWR,EST_redock_1GWR,0.8716,5.0751,inf
27M_min,3ERD,DES_redock_3ERD,0.8472,4.7903,inf
27M_min,3UU7,2OH_redock_3UU7,0.8313,4.3800,inf
27M_min,4TUZ,36J_redock_4TUZ,0.8304,5.0435,inf
27M_min,4MG9,27K_redock_4MG9,0.8216,4.1545,inf
27M_min,4MGC,27M_redock_4MGC,0.8210,4.7887,2.2437
27M_min,4MGA,27L_redock_4MGA,0.8192,4.5637,inf
27M_min,6CBZ,EST_redock_6CBZ,0.8161,4.6703,inf
27M_min,3UUD,EST_redock_3UUD,0.8088,5.0044,inf
27M_min,4MG8,27J_redock_4MG8,0.7833,4.0738,inf
27M_min,1ERE,EST_redock_1ERE,0.7780,4.3929,inf
27M_min,1G50,EST_redock_1G50,0.7323,4.3974,inf
2OH_min,4ZN7,DES_redock_4ZN7,0.9167,6.6037,inf
2OH_min,4MGA,27L_redock_4MGA,0.9156,6.3558,inf
2OH_min,1GWR,EST_redock_1GWR,0.9015,6.3029,inf
2OH_min,3UU7,2OH_redock_3UU7,0.8946,6.5886,0.7731
2OH_min,1ERE,EST_redock_1ERE,0.8782,6.2405,inf
2OH_min,3ERD,DES_redock_3ERD,0.8717,6.0479,inf
2OH_min,1G50,EST_redock_1G50,0.8421,6.1681,inf
2OH_min,4MGC,27M_redock_4MGC,0.8224,5.6714,inf
2OH_min,4MG8,27J_redock_4MG8,0.7909,5.4664,inf
2OH_min,3UUD,EST_redock_3UUD,0.7897,5.5609,inf
2OH_min,4MG9,27K_redock_4MG9,0.7842,5.3854,inf
2OH_min,6CBZ,EST_redock_6CBZ,0.7686,5.3563,inf
2OH_min,4TUZ,36J_redock_4TUZ,0.7618,5.4507,inf
36J_min,4MG8,27J_redock_4MG8,0.9295,6.4932,0.4869
36J_min,4TUZ,36J_redock_4TUZ,0.8945,6.2088,0.5413
36J_min,3UUD,EST_redock_3UUD,0.8735,6.0179,inf
36J_min,1GWR,EST_redock_1GWR,0.8729,6.3103,inf
36J_min,4MGC,27M_redock_4MGC,0.8330,5.8810,inf
36J_min,1G50,EST_redock_1G50,0.8267,5.7832,inf
36J_min,3UU7,2OH_redock_3UU7,0.8187,5.7324,inf
36J_min,4MG9,27K_redock_4MG9,0.7976,5.2436,2.0998
36J_min,1ERE,EST_redock_1ERE,0.7972,5.4009,inf
36J_min,6CBZ,EST_redock_6CBZ,0.7926,5.5448,inf
36J_min,3ERD,DES_redock_3ERD,0.7735,5.2382,inf
36J_min,4MGA,27L_redock_4MGA,0.6685,4.4190,inf
36J_min,4ZN7,DES_redock_4ZN7,0.6526,4.4542,inf
Caffeine_min,4ZN7,DES_redock_4ZN7,0.7552,4.0611,inf
Caffeine_min,4MGC,27M_redock_4MGC,0.6767,3.6297,inf
Caffeine_min,3UUD,EST_redock_3UUD,0.6743,3.4597,inf
Caffeine_min,6CBZ,EST_redock_6CBZ,0.6644,3.3024,inf
Caffeine_min,1G50,EST_redock_1G50,0.6507,3.2288,inf
Caffeine_min,3ERD,DES_redock_3ERD,0.6385,3.1165,inf
Caffeine_min,4MGA,27L_redock_4MGA,0.6168,3.1559,inf
Caffeine_min,1ERE,EST_redock_1ERE,0.5844,3.0135,inf
Caffeine_min,3UU7,2OH_redock_3UU7,0.5608,2.8989,inf
Caffeine_min,4MG8,27J_redock_4MG8,0.5465,2.7933,inf
Caffeine_min,4MG9,27K_redock_4MG9,0.5295,2.4904,inf
Caffeine_min,1GWR,EST_redock_1GWR,0.4758,2.2858,inf
Caffeine_min,4TUZ,36J_redock_4TUZ,0.4381,2.2136,inf
DES_min,3ERD,DES_redock_3ERD,0.9885,8.2739,0.3510
DES_min,4ZN7,DES_redock_4ZN7,0.9831,8.3713,0.4748
DES_min,4MGC,27M_redock_4MGC,0.9605,7.8935,inf
DES_min,4MGA,27L_redock_4MGA,0.9527,7.4966,inf
DES_min,3UUD,EST_redock_3UUD,0.9467,7.6712,inf
DES_min,6CBZ,EST_redock_6CBZ,0.9352,7.6154,inf
DES_min,4MG8,27J_redock_4MG8,0.9279,7.3605,inf
DES_min,4TUZ,36J_redock_4TUZ,0.9202,7.4870,inf
DES_min,1ERE,EST_redock_1ERE,0.9151,7.5177,inf
DES_min,1GWR,EST_redock_1GWR,0.9093,7.4234,inf
DES_min,1G50,EST_redock_1G50,0.9019,7.3765,inf
DES_min,3UU7,2OH_redock_3UU7,0.8989,7.1107,inf
DES_min,4MG9,27K_redock_4MG9,0.8691,6.8677,inf
EE2_min,1ERE,EST_redock_1ERE,0.9558,8.1882,0.7314
EE2_min,1ERE,EST_redock_1ERE,0.9558,8.1882,0.7314
EE2_min,4MG9,27K_redock_4MG9,0.9266,7.5236,inf
EE2_min,1GWR,EST_redock_1GWR,0.9230,7.7560,0.8461
EE2_min,6CBZ,EST_redock_6CBZ,0.8927,7.3132,0.8490
EE2_min,3UUD,EST_redock_3UUD,0.8914,7.3204,0.7824
EE2_min,4ZN7,DES_redock_4ZN7,0.8765,7.2831,inf
EE2_min,4MG8,27J_redock_4MG8,0.8753,7.2929,inf
EE2_min,3ERD,DES_redock_3ERD,0.8719,6.9036,inf
EE2_min,4TUZ,36J_redock_4TUZ,0.8450,7.0344,inf
EE2_min,1G50,EST_redock_1G50,0.8342,6.7691,1.0544
EE2_min,4MGC,27M_redock_4MGC,0.7943,6.2074,inf
EE2_min,4MGA,27L_redock_4MGA,0.7267,5.4937,inf
EE2_min,3UU7,2OH_redock_3UU7,0.6127,4.7404,inf
EST_min,3UUD,EST_redock_3UUD,0.9860,8.0865,0.6127
EST_min,6CBZ,EST_redock_6CBZ,0.9833,8.2554,0.5213
EST_min,1ERE,EST_redock_1ERE,0.9824,8.1945,0.5143
EST_min,4ZN7,DES_redock_4ZN7,0.9763,8.3163,inf
EST_min,1GWR,EST_redock_1GWR,0.9745,8.0174,0.5655
EST_min,4MG8,27J_redock_4MG8,0.9739,7.8386,inf
EST_min,3ERD,DES_redock_3ERD,0.9714,7.6733,inf
EST_min,4TUZ,36J_redock_4TUZ,0.9704,8.0196,inf
EST_min,1G50,EST_redock_1G50,0.9666,8.0684,0.8430
EST_min,4MGC,27M_redock_4MGC,0.9589,7.8100,inf
EST_min,3UU7,2OH_redock_3UU7,0.9168,7.3347,inf
EST_min,4MG9,27K_redock_4MG9,0.8965,6.8778,inf
EST_min,4MGA,27L_redock_4MGA,0.8697,6.8930,inf
Melatonin_min,4MGA,27L_redock_4MGA,0.7674,5.1914,inf
Melatonin_min,4MG8,27J_redock_4MG8,0.7310,4.9540,inf
Melatonin_min,4MGC,27M_redock_4MGC,0.6844,4.3841,inf
Melatonin_min,6CBZ,EST_redock_6CBZ,0.6547,4.5785,inf
Melatonin_min,4ZN7,DES_redock_4ZN7,0.5920,3.7509,inf
Melatonin_min,1GWR,EST_redock_1GWR,0.5793,3.5796,inf
Melatonin_min,4TUZ,36J_redock_4TUZ,0.5218,3.6095,inf
Melatonin_min,1ERE,EST_redock_1ERE,0.5194,3.4204,inf
Melatonin_min,4MG9,27K_redock_4MG9,0.5001,3.2387,inf
Melatonin_min,3UU7,2OH_redock_3UU7,0.4867,3.0307,inf
Melatonin_min,3ERD,DES_redock_3ERD,0.4782,3.1301,inf
Melatonin_min,3UUD,EST_redock_3UUD,0.4548,2.7593,inf
Melatonin_min,1G50,EST_redock_1G50,0.4472,2.8081,inf
Testosterone_min,4MGC,27M_redock_4MGC,0.9339,7.5010,inf
Testosterone_min,4TUZ,36J_redock_4TUZ,0.9078,7.2339,inf
Testosterone_min,4MG8,27J_redock_4MG8,0.9067,7.2621,inf
Testosterone_min,3UUD,EST_redock_3UUD,0.9060,7.1973,0.6182
Testosterone_min,6CBZ,EST_redock_6CBZ,0.9043,7.2466,0.6536
Testosterone_min,3ERD,DES_redock_3ERD,0.9035,6.9572,inf
Testosterone_min,3UU7,2OH_redock_3UU7,0.8875,7.0265,inf
Testosterone_min,1GWR,EST_redock_1GWR,0.8831,6.9432,0.6700
Testosterone_min,1G50,EST_redock_1G50,0.8829,7.0282,0.8846
Testosterone_min,1ERE,EST_redock_1ERE,0.8822,6.9683,0.7271
Testosterone_min,4MG9,27K_redock_4MG9,0.8739,6.6298,inf
Testosterone_min,4ZN7,DES_redock_4ZN7,0.8539,6.8480,inf
Testosterone_min,4MGA,27L_redock_4MGA,0.7809,6.1970,inf
