protein,ideal_ligand,native_ligand,CNN_pose,CNN_VS,RMSD
1ERE,53-16-7_min,EST_redock_1ERE,0.9894,8.1667,0.6404
1ERE,474-86-2_min,EST_redock_1ERE,0.9836,7.9732,0.7425
1ERE,50-28-2_min,EST_redock_1ERE,0.9824,8.1945,0.5143
1ERE,57-91-0_min,EST_redock_1ERE,0.9797,8.0580,0.7362
1ERE,5696-58-2_min,EST_redock_1ERE,0.9762,7.4867,0.7178
1ERE,53-63-4_min,EST_redock_1ERE,0.9729,7.9678,inf
1ERE,50-27-1_min,EST_redock_1ERE,0.9719,8.1254,0.4968
1ERE,362-05-0_min,EST_redock_1ERE,0.9644,7.6172,0.5648
1ERE,57-63-6_min,EST_redock_1ERE,0.9558,8.1882,0.7314
1ERE,5976-61-4_min,EST_redock_1ERE,0.9447,7.6033,0.4113
1ERE,34816-55-2_min,EST_redock_1ERE,0.9422,7.9483,0.7031
1ERE,481-29-8_min,EST_redock_1ERE,0.9338,7.5044,0.8144
1ERE,84-16-2_min,EST_redock_1ERE,0.9335,7.7688,inf
1ERE,84057-84-1_min,EST_redock_1ERE,0.9273,6.4263,inf
1ERE,53-43-0_min,EST_redock_1ERE,0.9196,7.2951,0.7754
1ERE,56-53-1_min,EST_redock_1ERE,0.9177,7.5454,inf
1ERE,93413-62-8_min,EST_redock_1ERE,0.8530,6.2981,inf
1ERE,84-17-3_min,EST_redock_1ERE,0.8523,7.1044,inf
1ERE,103-90-2_min,EST_redock_1ERE,0.8517,4.0105,inf
1ERE,301-02-0_min,EST_redock_1ERE,0.8397,6.5440,inf
1ERE,85-68-7_min,EST_redock_1ERE,0.8123,4.9870,inf
1ERE,95-14-7_min,EST_redock_1ERE,0.7762,2.9738,inf
1ERE,126-73-8_min,EST_redock_1ERE,0.7690,3.2679,inf
1ERE,876-04-0_min,EST_redock_1ERE,0.7593,4.0348,inf
1ERE,738-70-5_min,EST_redock_1ERE,0.7482,5.5908,inf
1ERE,15569-85-4_min,EST_redock_1ERE,0.7154,3.7039,inf
1ERE,2243-62-1_min,EST_redock_1ERE,0.7069,3.1610,inf
1ERE,34014-18-1_min,EST_redock_1ERE,0.6965,4.5895,inf
1ERE,134-62-3_min,EST_redock_1ERE,0.6877,3.3310,inf
1ERE,28721-07-5_min,EST_redock_1ERE,0.6714,4.1519,inf
1ERE,2631-40-5_min,EST_redock_1ERE,0.6659,4.0338,inf
1ERE,104746-04-5_min,EST_redock_1ERE,0.6486,3.9517,inf
1ERE,29331-92-8_min,EST_redock_1ERE,0.6486,3.9517,inf
1ERE,1222-05-5_min,EST_redock_1ERE,0.6302,4.2730,inf
1ERE,36507-30-9_min,EST_redock_1ERE,0.6143,3.8883,inf
1ERE,298-46-4_min,EST_redock_1ERE,0.6131,3.9522,inf
1ERE,60207-90-1_min,EST_redock_1ERE,0.6000,4.2457,inf
1ERE,58-08-2_min,EST_redock_1ERE,0.5844,3.0135,inf
1ERE,54-11-5_min,EST_redock_1ERE,0.5609,2.7536,inf
1ERE,144-83-2_min,EST_redock_1ERE,0.5584,3.3614,inf
1ERE,537-46-2_min,EST_redock_1ERE,0.5510,2.2265,inf
1ERE,72-33-3_min,EST_redock_1ERE,0.5353,4.0294,0.6474
1ERE,58-73-1_min,EST_redock_1ERE,0.5327,3.0753,inf
1ERE,2163-68-0_min,EST_redock_1ERE,0.5294,2.9894,inf
1ERE,97-39-2_min,EST_redock_1ERE,0.5070,3.4633,inf
1ERE,42542-10-9_min,EST_redock_1ERE,0.4950,2.3932,inf
1ERE,601-57-0_min,EST_redock_1ERE,0.4876,3.6647,inf
1ERE,34911-55-2_min,EST_redock_1ERE,0.4666,2.6085,inf
1ERE,107534-96-3_min,EST_redock_1ERE,0.4440,3.1107,inf
1ERE,18684-55-4_min,EST_redock_1ERE,0.4345,2.8061,inf
1ERE,93413-69-5_min,EST_redock_1ERE,0.4332,2.9487,inf
1ERE,541-02-6_min,EST_redock_1ERE,0.4047,1.6748,inf
1ERE,540-97-6_min,EST_redock_1ERE,0.3896,1.6835,inf
1ERE,14800-24-9_min,EST_redock_1ERE,0.3736,1.4994,inf
1ERE,7374-53-0_min,EST_redock_1ERE,0.3658,2.1739,inf
1ERE,69335-91-7_min,EST_redock_1ERE,0.3580,2.3094,inf
1ERE,58955-93-4_min,EST_redock_1ERE,0.3570,2.1400,inf
1ERE,5051-22-9_min,EST_redock_1ERE,0.3388,2.1142,inf
1ERE,66722-44-9_min,EST_redock_1ERE,0.3332,1.9433,inf
1ERE,525-66-6_min,EST_redock_1ERE,0.3247,1.9832,inf
1ERE,3930-20-9_min,EST_redock_1ERE,0.3190,1.9835,inf
1ERE,10605-21-7_min,EST_redock_1ERE,0.3144,1.7025,inf
1ERE,122-34-9_min,EST_redock_1ERE,0.3115,1.6844,inf
1ERE,1912-24-9_min,EST_redock_1ERE,0.2789,1.6427,inf
1ERE,16287-71-1_min,EST_redock_1ERE,0.2618,1.7557,inf
1ERE,134523-00-5_min,EST_redock_1ERE,0.1585,0.9159,inf
1ERE,7432-28-2_min,EST_redock_1ERE,0.1568,1.0210,inf
1ERE,125-71-3_min,EST_redock_1ERE,0.1549,0.9043,inf
1G50,53-16-7_min,EST_redock_1G50,0.9902,8.2969,0.5872
1G50,474-86-2_min,EST_redock_1G50,0.9823,8.1628,0.5841
1G50,57-91-0_min,EST_redock_1G50,0.9710,7.9005,0.7509
1G50,50-28-2_min,EST_redock_1G50,0.9692,8.0906,0.8287
1G50,5696-58-2_min,EST_redock_1G50,0.9690,7.4431,0.8211
1G50,84-16-2_min,EST_redock_1G50,0.9594,7.9554,inf
1G50,5976-61-4_min,EST_redock_1G50,0.9580,7.8474,0.7278
1G50,50-27-1_min,EST_redock_1G50,0.9551,8.2222,0.3286
1G50,53-63-4_min,EST_redock_1G50,0.9545,7.6608,inf
1G50,53-43-0_min,EST_redock_1G50,0.9527,7.6349,0.8115
1G50,481-29-8_min,EST_redock_1G50,0.9475,7.6752,0.7924
1G50,84-17-3_min,EST_redock_1G50,0.9270,7.5456,inf
1G50,56-53-1_min,EST_redock_1G50,0.9040,7.3546,inf
1G50,84057-84-1_min,EST_redock_1G50,0.9020,6.2991,inf
1G50,95-14-7_min,EST_redock_1G50,0.9002,3.6899,inf
1G50,362-05-0_min,EST_redock_1G50,0.8845,6.8693,0.9531
1G50,34816-55-2_min,EST_redock_1G50,0.8775,7.1261,0.8520
1G50,93413-62-8_min,EST_redock_1G50,0.8694,6.4319,inf
1G50,103-90-2_min,EST_redock_1G50,0.8530,4.8586,inf
1G50,1222-05-5_min,EST_redock_1G50,0.8382,5.7295,inf
1G50,57-63-6_min,EST_redock_1G50,0.8347,6.7741,1.0527
1G50,301-02-0_min,EST_redock_1G50,0.8344,6.4633,inf
1G50,876-04-0_min,EST_redock_1G50,0.8100,4.2524,inf
1G50,15569-85-4_min,EST_redock_1G50,0.7423,4.2474,inf
1G50,85-68-7_min,EST_redock_1G50,0.7314,4.3790,inf
1G50,738-70-5_min,EST_redock_1G50,0.7232,5.3814,inf
1G50,298-46-4_min,EST_redock_1G50,0.6565,3.8952,inf
1G50,58-08-2_min,EST_redock_1G50,0.6507,3.2288,inf
1G50,34014-18-1_min,EST_redock_1G50,0.6206,4.1817,inf
1G50,29331-92-8_min,EST_redock_1G50,0.5996,3.5010,inf
1G50,104746-04-5_min,EST_redock_1G50,0.5996,3.5010,inf
1G50,134-62-3_min,EST_redock_1G50,0.5982,2.9840,inf
1G50,144-83-2_min,EST_redock_1G50,0.5957,3.7431,inf
1G50,601-57-0_min,EST_redock_1G50,0.5766,4.3631,inf
1G50,2243-62-1_min,EST_redock_1G50,0.5563,2.5680,inf
1G50,36507-30-9_min,EST_redock_1G50,0.5511,3.1439,inf
1G50,126-73-8_min,EST_redock_1G50,0.5504,2.4603,inf
1G50,54-11-5_min,EST_redock_1G50,0.5460,2.5911,inf
1G50,18684-55-4_min,EST_redock_1G50,0.5423,3.6125,inf
1G50,60207-90-1_min,EST_redock_1G50,0.5278,3.6645,inf
1G50,10605-21-7_min,EST_redock_1G50,0.5217,2.4408,inf
1G50,28721-07-5_min,EST_redock_1G50,0.5006,3.0393,inf
1G50,537-46-2_min,EST_redock_1G50,0.4988,2.1165,inf
1G50,14800-24-9_min,EST_redock_1G50,0.4979,1.8251,inf
1G50,2163-68-0_min,EST_redock_1G50,0.4861,2.6263,inf
1G50,1912-24-9_min,EST_redock_1G50,0.4695,2.8792,inf
1G50,72-33-3_min,EST_redock_1G50,0.4538,3.3660,2.8062
1G50,7374-53-0_min,EST_redock_1G50,0.4494,2.6094,inf
1G50,107534-96-3_min,EST_redock_1G50,0.4472,3.3048,inf
1G50,540-97-6_min,EST_redock_1G50,0.4450,1.9279,inf
1G50,69335-91-7_min,EST_redock_1G50,0.4416,2.7468,inf
1G50,93413-69-5_min,EST_redock_1G50,0.4394,2.8491,inf
1G50,2631-40-5_min,EST_redock_1G50,0.4378,2.5137,inf
1G50,42542-10-9_min,EST_redock_1G50,0.4371,2.1016,inf
1G50,58-73-1_min,EST_redock_1G50,0.4133,2.2654,inf
1G50,122-34-9_min,EST_redock_1G50,0.3527,1.9751,inf
1G50,34911-55-2_min,EST_redock_1G50,0.3520,2.0138,inf
1G50,3930-20-9_min,EST_redock_1G50,0.3520,1.9460,inf
1G50,58955-93-4_min,EST_redock_1G50,0.3469,1.8533,inf
1G50,541-02-6_min,EST_redock_1G50,0.3222,1.2026,inf
1G50,97-39-2_min,EST_redock_1G50,0.3199,2.0175,inf
1G50,7432-28-2_min,EST_redock_1G50,0.3065,1.9340,inf
1G50,525-66-6_min,EST_redock_1G50,0.2978,1.7134,inf
1G50,66722-44-9_min,EST_redock_1G50,0.2783,1.7761,inf
1G50,5051-22-9_min,EST_redock_1G50,0.2241,1.2566,inf
1G50,16287-71-1_min,EST_redock_1G50,0.2139,1.4104,inf
1G50,134523-00-5_min,EST_redock_1G50,0.2123,1.2242,inf
1G50,125-71-3_min,EST_redock_1G50,0.2005,1.1843,inf
1GWR,53-16-7_min,EST_redock_1GWR,0.9822,7.8385,0.5596
1GWR,50-28-2_min,EST_redock_1GWR,0.9745,8.0174,0.5655
1GWR,57-91-0_min,EST_redock_1GWR,0.9668,7.8644,0.6383
1GWR,5696-58-2_min,EST_redock_1GWR,0.9662,7.4162,0.6563
1GWR,50-27-1_min,EST_redock_1GWR,0.9648,7.7691,0.6353
1GWR,474-86-2_min,EST_redock_1GWR,0.9642,7.9817,1.1412
1GWR,53-43-0_min,EST_redock_1GWR,0.9541,7.5693,0.6697
1GWR,481-29-8_min,EST_redock_1GWR,0.9532,7.5485,0.5731
1GWR,53-63-4_min,EST_redock_1GWR,0.9529,7.4093,inf
1GWR,362-05-0_min,EST_redock_1GWR,0.9509,7.5672,0.6660
1GWR,5976-61-4_min,EST_redock_1GWR,0.9451,7.4589,0.5155
1GWR,84-16-2_min,EST_redock_1GWR,0.9303,7.5015,inf
1GWR,84057-84-1_min,EST_redock_1GWR,0.9277,6.6756,inf
1GWR,57-63-6_min,EST_redock_1GWR,0.9230,7.7560,0.8461
1GWR,56-53-1_min,EST_redock_1GWR,0.9072,7.3987,inf
1GWR,34816-55-2_min,EST_redock_1GWR,0.9062,7.6419,0.8820
1GWR,84-17-3_min,EST_redock_1GWR,0.8836,7.1948,inf
1GWR,738-70-5_min,EST_redock_1GWR,0.8701,6.6198,inf
1GWR,103-90-2_min,EST_redock_1GWR,0.8563,3.8765,inf
1GWR,28721-07-5_min,EST_redock_1GWR,0.8507,5.4820,inf
1GWR,93413-62-8_min,EST_redock_1GWR,0.8456,6.1526,inf
1GWR,298-46-4_min,EST_redock_1GWR,0.8376,5.4301,inf
1GWR,85-68-7_min,EST_redock_1GWR,0.8233,5.2142,inf
1GWR,876-04-0_min,EST_redock_1GWR,0.8223,3.8724,inf
1GWR,301-02-0_min,EST_redock_1GWR,0.8181,6.3705,inf
1GWR,95-14-7_min,EST_redock_1GWR,0.8066,2.9804,inf
1GWR,36507-30-9_min,EST_redock_1GWR,0.7319,4.4539,inf
1GWR,72-33-3_min,EST_redock_1GWR,0.7287,5.6263,0.8627
1GWR,2631-40-5_min,EST_redock_1GWR,0.7064,4.2057,inf
1GWR,2163-68-0_min,EST_redock_1GWR,0.7048,3.9505,inf
1GWR,144-83-2_min,EST_redock_1GWR,0.6974,4.2578,inf
1GWR,7374-53-0_min,EST_redock_1GWR,0.6950,3.8930,inf
1GWR,134-62-3_min,EST_redock_1GWR,0.6838,3.2645,inf
1GWR,126-73-8_min,EST_redock_1GWR,0.6834,2.7372,inf
1GWR,15569-85-4_min,EST_redock_1GWR,0.6748,3.4614,inf
1GWR,34911-55-2_min,EST_redock_1GWR,0.6707,4.2124,inf
1GWR,34014-18-1_min,EST_redock_1GWR,0.6648,4.2847,inf
1GWR,2243-62-1_min,EST_redock_1GWR,0.6613,2.8963,inf
1GWR,58-73-1_min,EST_redock_1GWR,0.6611,3.8773,inf
1GWR,104746-04-5_min,EST_redock_1GWR,0.6120,3.7904,inf
1GWR,29331-92-8_min,EST_redock_1GWR,0.6120,3.7904,inf
1GWR,58-08-2_min,EST_redock_1GWR,0.5858,2.7587,inf
1GWR,54-11-5_min,EST_redock_1GWR,0.5844,2.9130,inf
1GWR,42542-10-9_min,EST_redock_1GWR,0.5739,3.0682,inf
1GWR,537-46-2_min,EST_redock_1GWR,0.5656,2.3340,inf
1GWR,18684-55-4_min,EST_redock_1GWR,0.5481,3.6429,inf
1GWR,14800-24-9_min,EST_redock_1GWR,0.5470,1.9868,inf
1GWR,58955-93-4_min,EST_redock_1GWR,0.5220,3.0700,inf
1GWR,60207-90-1_min,EST_redock_1GWR,0.5153,3.6499,inf
1GWR,601-57-0_min,EST_redock_1GWR,0.5131,4.0586,inf
1GWR,10605-21-7_min,EST_redock_1GWR,0.5113,2.2093,inf
1GWR,525-66-6_min,EST_redock_1GWR,0.5039,3.1826,inf
1GWR,5051-22-9_min,EST_redock_1GWR,0.4871,2.9664,inf
1GWR,93413-69-5_min,EST_redock_1GWR,0.4699,3.0238,inf
1GWR,122-34-9_min,EST_redock_1GWR,0.4588,2.4799,inf
1GWR,1222-05-5_min,EST_redock_1GWR,0.4488,2.9060,inf
1GWR,3930-20-9_min,EST_redock_1GWR,0.4332,2.6656,inf
1GWR,1912-24-9_min,EST_redock_1GWR,0.4140,2.3214,inf
1GWR,7432-28-2_min,EST_redock_1GWR,0.3995,2.6108,inf
1GWR,107534-96-3_min,EST_redock_1GWR,0.3962,2.7589,inf
1GWR,69335-91-7_min,EST_redock_1GWR,0.3798,2.3552,inf
1GWR,16287-71-1_min,EST_redock_1GWR,0.3743,2.2601,inf
1GWR,97-39-2_min,EST_redock_1GWR,0.3732,2.3162,inf
1GWR,540-97-6_min,EST_redock_1GWR,0.3581,1.4842,inf
1GWR,66722-44-9_min,EST_redock_1GWR,0.3200,1.8379,inf
1GWR,541-02-6_min,EST_redock_1GWR,0.3011,1.1706,inf
1GWR,134523-00-5_min,EST_redock_1GWR,0.1836,1.3129,inf
1GWR,125-71-3_min,EST_redock_1GWR,0.1516,0.8737,inf
3ERD,56-53-1_min,DES_redock_3ERD,0.9887,8.2980,0.3397
3ERD,84-17-3_min,DES_redock_3ERD,0.9884,8.2362,0.7300
3ERD,84-16-2_min,DES_redock_3ERD,0.9880,8.2135,0.4568
3ERD,53-16-7_min,DES_redock_3ERD,0.9816,7.7830,inf
3ERD,53-43-0_min,DES_redock_3ERD,0.9789,7.9046,inf
3ERD,481-29-8_min,DES_redock_3ERD,0.9733,7.8354,inf
3ERD,50-28-2_min,DES_redock_3ERD,0.9714,7.6719,inf
3ERD,53-63-4_min,DES_redock_3ERD,0.9713,7.5022,inf
3ERD,474-86-2_min,DES_redock_3ERD,0.9713,7.7439,inf
3ERD,5696-58-2_min,DES_redock_3ERD,0.9708,7.4048,inf
3ERD,57-91-0_min,DES_redock_3ERD,0.9688,7.4139,inf
3ERD,50-27-1_min,DES_redock_3ERD,0.9466,7.4772,inf
3ERD,5976-61-4_min,DES_redock_3ERD,0.9324,7.2842,inf
3ERD,84057-84-1_min,DES_redock_3ERD,0.9260,6.6749,inf
3ERD,362-05-0_min,DES_redock_3ERD,0.9173,7.0007,inf
3ERD,57-63-6_min,DES_redock_3ERD,0.8851,7.0307,inf
3ERD,34816-55-2_min,DES_redock_3ERD,0.8837,7.0519,inf
3ERD,301-02-0_min,DES_redock_3ERD,0.8718,6.7910,inf
3ERD,738-70-5_min,DES_redock_3ERD,0.8704,6.5768,inf
3ERD,95-14-7_min,DES_redock_3ERD,0.8471,3.3400,inf
3ERD,107534-96-3_min,DES_redock_3ERD,0.8043,5.8998,inf
3ERD,103-90-2_min,DES_redock_3ERD,0.8031,4.1330,inf
3ERD,876-04-0_min,DES_redock_3ERD,0.7844,3.8585,inf
3ERD,15569-85-4_min,DES_redock_3ERD,0.7567,4.1008,inf
3ERD,93413-62-8_min,DES_redock_3ERD,0.7405,5.2532,inf
3ERD,2631-40-5_min,DES_redock_3ERD,0.7400,4.3456,inf
3ERD,28721-07-5_min,DES_redock_3ERD,0.7043,4.4218,inf
3ERD,54-11-5_min,DES_redock_3ERD,0.6869,3.5740,inf
3ERD,134-62-3_min,DES_redock_3ERD,0.6857,3.4703,inf
3ERD,42542-10-9_min,DES_redock_3ERD,0.6849,3.7821,inf
3ERD,298-46-4_min,DES_redock_3ERD,0.6784,4.3388,inf
3ERD,144-83-2_min,DES_redock_3ERD,0.6500,3.8968,inf
3ERD,85-68-7_min,DES_redock_3ERD,0.6483,3.7779,inf
3ERD,29331-92-8_min,DES_redock_3ERD,0.6401,3.9671,inf
3ERD,104746-04-5_min,DES_redock_3ERD,0.6401,3.9671,inf
3ERD,126-73-8_min,DES_redock_3ERD,0.6239,2.6375,inf
3ERD,36507-30-9_min,DES_redock_3ERD,0.6138,3.9449,inf
3ERD,69335-91-7_min,DES_redock_3ERD,0.6122,4.3428,inf
3ERD,3930-20-9_min,DES_redock_3ERD,0.6012,4.0287,inf
3ERD,58-08-2_min,DES_redock_3ERD,0.5979,2.8703,inf
3ERD,60207-90-1_min,DES_redock_3ERD,0.5944,4.0645,inf
3ERD,34014-18-1_min,DES_redock_3ERD,0.5912,3.7053,inf
3ERD,2243-62-1_min,DES_redock_3ERD,0.5781,2.6751,inf
3ERD,2163-68-0_min,DES_redock_3ERD,0.5572,3.1365,inf
3ERD,72-33-3_min,DES_redock_3ERD,0.5496,4.1718,inf
3ERD,10605-21-7_min,DES_redock_3ERD,0.5128,2.7210,inf
3ERD,1222-05-5_min,DES_redock_3ERD,0.5113,3.3783,inf
3ERD,537-46-2_min,DES_redock_3ERD,0.4877,2.4575,inf
3ERD,58-73-1_min,DES_redock_3ERD,0.4640,2.7428,inf
3ERD,601-57-0_min,DES_redock_3ERD,0.4602,3.5602,inf
3ERD,34911-55-2_min,DES_redock_3ERD,0.4573,2.7272,inf
3ERD,14800-24-9_min,DES_redock_3ERD,0.4543,1.9084,inf
3ERD,5051-22-9_min,DES_redock_3ERD,0.4340,2.7913,inf
3ERD,18684-55-4_min,DES_redock_3ERD,0.4168,2.6520,inf
3ERD,1912-24-9_min,DES_redock_3ERD,0.4156,2.5055,inf
3ERD,540-97-6_min,DES_redock_3ERD,0.4061,1.8398,inf
3ERD,7432-28-2_min,DES_redock_3ERD,0.4056,2.6088,inf
3ERD,97-39-2_min,DES_redock_3ERD,0.3872,2.4372,inf
3ERD,541-02-6_min,DES_redock_3ERD,0.3687,1.6497,inf
3ERD,125-71-3_min,DES_redock_3ERD,0.3592,2.3359,inf
3ERD,58955-93-4_min,DES_redock_3ERD,0.3547,1.9689,inf
3ERD,122-34-9_min,DES_redock_3ERD,0.3430,2.0260,inf
3ERD,7374-53-0_min,DES_redock_3ERD,0.3405,1.9830,inf
3ERD,16287-71-1_min,DES_redock_3ERD,0.3352,2.3978,inf
3ERD,93413-69-5_min,DES_redock_3ERD,0.3140,2.0398,inf
3ERD,525-66-6_min,DES_redock_3ERD,0.3082,1.8444,inf
3ERD,66722-44-9_min,DES_redock_3ERD,0.2605,1.5448,inf
3ERD,134523-00-5_min,DES_redock_3ERD,0.1573,1.0717,inf
3UU7,84057-84-1_min,2OH_redock_3UU7,0.9666,7.0498,inf
3UU7,474-86-2_min,2OH_redock_3UU7,0.9651,7.8086,inf
3UU7,84-16-2_min,2OH_redock_3UU7,0.9636,7.8570,inf
3UU7,53-16-7_min,2OH_redock_3UU7,0.9212,7.3523,inf
3UU7,50-28-2_min,2OH_redock_3UU7,0.9157,7.3176,inf
3UU7,53-43-0_min,2OH_redock_3UU7,0.9128,7.3308,inf
3UU7,56-53-1_min,2OH_redock_3UU7,0.8968,7.0476,inf
3UU7,53-63-4_min,2OH_redock_3UU7,0.8845,6.8252,inf
3UU7,60207-90-1_min,2OH_redock_3UU7,0.8713,6.3283,inf
3UU7,57-91-0_min,2OH_redock_3UU7,0.8664,6.8845,inf
3UU7,481-29-8_min,2OH_redock_3UU7,0.8625,6.8288,inf
3UU7,5976-61-4_min,2OH_redock_3UU7,0.8438,6.3208,inf
3UU7,5696-58-2_min,2OH_redock_3UU7,0.8329,6.3002,inf
3UU7,50-27-1_min,2OH_redock_3UU7,0.8279,6.5745,inf
3UU7,738-70-5_min,2OH_redock_3UU7,0.8235,6.1407,inf
3UU7,84-17-3_min,2OH_redock_3UU7,0.8125,6.5460,inf
3UU7,2631-40-5_min,2OH_redock_3UU7,0.8106,4.7929,inf
3UU7,95-14-7_min,2OH_redock_3UU7,0.8069,3.1023,inf
3UU7,362-05-0_min,2OH_redock_3UU7,0.7985,6.1983,inf
3UU7,85-68-7_min,2OH_redock_3UU7,0.7958,4.6701,inf
3UU7,134-62-3_min,2OH_redock_3UU7,0.7885,3.9240,inf
3UU7,58-73-1_min,2OH_redock_3UU7,0.7851,4.7294,inf
3UU7,34014-18-1_min,2OH_redock_3UU7,0.7812,4.7645,inf
3UU7,301-02-0_min,2OH_redock_3UU7,0.7715,5.8898,inf
3UU7,103-90-2_min,2OH_redock_3UU7,0.7692,3.9573,inf
3UU7,93413-62-8_min,2OH_redock_3UU7,0.7677,5.3235,inf
3UU7,126-73-8_min,2OH_redock_3UU7,0.7326,2.9820,inf
3UU7,34816-55-2_min,2OH_redock_3UU7,0.7283,5.7800,inf
3UU7,107534-96-3_min,2OH_redock_3UU7,0.6998,5.3591,inf
3UU7,36507-30-9_min,2OH_redock_3UU7,0.6817,4.3545,inf
3UU7,15569-85-4_min,2OH_redock_3UU7,0.6618,3.4842,inf
3UU7,298-46-4_min,2OH_redock_3UU7,0.6600,4.2596,inf
3UU7,69335-91-7_min,2OH_redock_3UU7,0.6587,4.6076,inf
3UU7,876-04-0_min,2OH_redock_3UU7,0.6571,3.1366,inf
3UU7,42542-10-9_min,2OH_redock_3UU7,0.6471,4.0123,inf
3UU7,54-11-5_min,2OH_redock_3UU7,0.6343,3.2967,inf
3UU7,57-63-6_min,2OH_redock_3UU7,0.6127,4.7404,inf
3UU7,58-08-2_min,2OH_redock_3UU7,0.6038,3.1630,inf
3UU7,537-46-2_min,2OH_redock_3UU7,0.5950,3.0730,inf
3UU7,144-83-2_min,2OH_redock_3UU7,0.5870,3.8661,inf
3UU7,601-57-0_min,2OH_redock_3UU7,0.5846,4.7166,inf
3UU7,1222-05-5_min,2OH_redock_3UU7,0.5824,3.7487,inf
3UU7,72-33-3_min,2OH_redock_3UU7,0.5783,4.4925,inf
3UU7,2243-62-1_min,2OH_redock_3UU7,0.5771,3.0586,inf
3UU7,5051-22-9_min,2OH_redock_3UU7,0.5766,3.6388,inf
3UU7,125-71-3_min,2OH_redock_3UU7,0.5463,3.7028,inf
3UU7,525-66-6_min,2OH_redock_3UU7,0.5180,3.2544,inf
3UU7,14800-24-9_min,2OH_redock_3UU7,0.5126,2.0153,inf
3UU7,93413-69-5_min,2OH_redock_3UU7,0.4983,3.2606,inf
3UU7,28721-07-5_min,2OH_redock_3UU7,0.4901,3.0614,inf
3UU7,1912-24-9_min,2OH_redock_3UU7,0.4725,2.7378,inf
3UU7,34911-55-2_min,2OH_redock_3UU7,0.4151,2.4366,inf
3UU7,122-34-9_min,2OH_redock_3UU7,0.4119,2.4017,inf
3UU7,18684-55-4_min,2OH_redock_3UU7,0.4035,2.6823,inf
3UU7,10605-21-7_min,2OH_redock_3UU7,0.3935,1.9964,inf
3UU7,58955-93-4_min,2OH_redock_3UU7,0.3842,2.3848,inf
3UU7,97-39-2_min,2OH_redock_3UU7,0.3823,2.3771,inf
3UU7,540-97-6_min,2OH_redock_3UU7,0.3712,1.6935,inf
3UU7,3930-20-9_min,2OH_redock_3UU7,0.3654,2.2101,inf
3UU7,29331-92-8_min,2OH_redock_3UU7,0.3644,2.1873,inf
3UU7,104746-04-5_min,2OH_redock_3UU7,0.3644,2.1873,inf
3UU7,541-02-6_min,2OH_redock_3UU7,0.3573,1.6687,inf
3UU7,7432-28-2_min,2OH_redock_3UU7,0.3353,2.0441,inf
3UU7,7374-53-0_min,2OH_redock_3UU7,0.3075,1.8218,inf
3UU7,66722-44-9_min,2OH_redock_3UU7,0.2973,1.8124,inf
3UU7,2163-68-0_min,2OH_redock_3UU7,0.2427,1.2882,inf
3UU7,16287-71-1_min,2OH_redock_3UU7,0.2282,1.5664,inf
3UU7,134523-00-5_min,2OH_redock_3UU7,0.1614,1.1344,inf
3UUD,53-16-7_min,EST_redock_3UUD,0.9910,7.9487,0.6762
3UUD,474-86-2_min,EST_redock_3UUD,0.9880,7.9237,0.7848
3UUD,50-28-2_min,EST_redock_3UUD,0.9860,8.0865,0.6127
3UUD,50-27-1_min,EST_redock_3UUD,0.9838,8.1722,0.3222
3UUD,57-91-0_min,EST_redock_3UUD,0.9814,7.9788,0.6730
3UUD,53-63-4_min,EST_redock_3UUD,0.9753,7.6183,inf
3UUD,5696-58-2_min,EST_redock_3UUD,0.9733,7.3823,0.5129
3UUD,53-43-0_min,EST_redock_3UUD,0.9689,7.8612,0.6143
3UUD,84-16-2_min,EST_redock_3UUD,0.9631,7.9807,inf
3UUD,481-29-8_min,EST_redock_3UUD,0.9585,7.7839,0.5866
3UUD,362-05-0_min,EST_redock_3UUD,0.9584,7.5353,0.5940
3UUD,5976-61-4_min,EST_redock_3UUD,0.9582,7.7376,0.4087
3UUD,56-53-1_min,EST_redock_3UUD,0.9387,7.6332,inf
3UUD,84-17-3_min,EST_redock_3UUD,0.9272,7.6365,inf
3UUD,84057-84-1_min,EST_redock_3UUD,0.9244,6.5629,inf
3UUD,34816-55-2_min,EST_redock_3UUD,0.9219,7.5007,0.8700
3UUD,103-90-2_min,EST_redock_3UUD,0.9090,4.3868,inf
3UUD,57-63-6_min,EST_redock_3UUD,0.8895,7.2912,0.8209
3UUD,738-70-5_min,EST_redock_3UUD,0.8703,6.5398,inf
3UUD,93413-62-8_min,EST_redock_3UUD,0.8512,6.0668,inf
3UUD,85-68-7_min,EST_redock_3UUD,0.8482,5.2605,inf
3UUD,95-14-7_min,EST_redock_3UUD,0.8476,3.2555,inf
3UUD,126-73-8_min,EST_redock_3UUD,0.7838,3.1850,inf
3UUD,876-04-0_min,EST_redock_3UUD,0.7806,3.9664,inf
3UUD,601-57-0_min,EST_redock_3UUD,0.7608,6.1723,inf
3UUD,301-02-0_min,EST_redock_3UUD,0.7585,5.7713,inf
3UUD,2631-40-5_min,EST_redock_3UUD,0.7311,4.3161,inf
3UUD,15569-85-4_min,EST_redock_3UUD,0.7290,3.8754,inf
3UUD,134-62-3_min,EST_redock_3UUD,0.7230,3.6650,inf
3UUD,2243-62-1_min,EST_redock_3UUD,0.6983,3.1993,inf
3UUD,2163-68-0_min,EST_redock_3UUD,0.6957,3.8323,inf
3UUD,58-08-2_min,EST_redock_3UUD,0.6743,3.4597,inf
3UUD,104746-04-5_min,EST_redock_3UUD,0.6506,4.1810,inf
3UUD,29331-92-8_min,EST_redock_3UUD,0.6506,4.1810,inf
3UUD,54-11-5_min,EST_redock_3UUD,0.6489,3.1500,inf
3UUD,34014-18-1_min,EST_redock_3UUD,0.6462,4.0543,inf
3UUD,58-73-1_min,EST_redock_3UUD,0.6356,3.5991,inf
3UUD,36507-30-9_min,EST_redock_3UUD,0.6207,3.9204,inf
3UUD,298-46-4_min,EST_redock_3UUD,0.6089,3.8611,inf
3UUD,537-46-2_min,EST_redock_3UUD,0.6032,2.7489,inf
3UUD,144-83-2_min,EST_redock_3UUD,0.5871,3.6053,inf
3UUD,69335-91-7_min,EST_redock_3UUD,0.5790,3.6264,inf
3UUD,7374-53-0_min,EST_redock_3UUD,0.5659,3.1997,inf
3UUD,18684-55-4_min,EST_redock_3UUD,0.5562,3.6595,inf
3UUD,1222-05-5_min,EST_redock_3UUD,0.5426,3.6814,inf
3UUD,60207-90-1_min,EST_redock_3UUD,0.5426,4.0146,inf
3UUD,28721-07-5_min,EST_redock_3UUD,0.5147,3.2994,inf
3UUD,58955-93-4_min,EST_redock_3UUD,0.5122,3.0730,inf
3UUD,14800-24-9_min,EST_redock_3UUD,0.5053,1.7861,inf
3UUD,42542-10-9_min,EST_redock_3UUD,0.4638,2.4324,inf
3UUD,34911-55-2_min,EST_redock_3UUD,0.4557,2.7964,inf
3UUD,72-33-3_min,EST_redock_3UUD,0.4481,3.3446,0.6682
3UUD,10605-21-7_min,EST_redock_3UUD,0.4365,2.3685,inf
3UUD,107534-96-3_min,EST_redock_3UUD,0.4062,2.9075,inf
3UUD,97-39-2_min,EST_redock_3UUD,0.3636,2.3179,inf
3UUD,3930-20-9_min,EST_redock_3UUD,0.3524,2.1276,inf
3UUD,93413-69-5_min,EST_redock_3UUD,0.3519,2.2497,inf
3UUD,1912-24-9_min,EST_redock_3UUD,0.3514,1.9885,inf
3UUD,134523-00-5_min,EST_redock_3UUD,0.3508,2.3890,inf
3UUD,66722-44-9_min,EST_redock_3UUD,0.3484,2.2149,inf
3UUD,5051-22-9_min,EST_redock_3UUD,0.3467,2.0708,inf
3UUD,541-02-6_min,EST_redock_3UUD,0.3390,1.4188,inf
3UUD,525-66-6_min,EST_redock_3UUD,0.3358,2.0427,inf
3UUD,122-34-9_min,EST_redock_3UUD,0.3084,1.6781,inf
3UUD,540-97-6_min,EST_redock_3UUD,0.2835,1.1429,inf
3UUD,16287-71-1_min,EST_redock_3UUD,0.2199,1.5630,inf
3UUD,125-71-3_min,EST_redock_3UUD,0.2184,1.3513,inf
3UUD,7432-28-2_min,EST_redock_3UUD,0.1878,1.1671,inf
4MG8,53-16-7_min,27J_redock_4MG8,0.9834,7.8600,inf
4MG8,474-86-2_min,27J_redock_4MG8,0.9801,8.0075,inf
4MG8,50-28-2_min,27J_redock_4MG8,0.9739,7.8377,inf
4MG8,57-91-0_min,27J_redock_4MG8,0.9694,7.5932,inf
4MG8,50-27-1_min,27J_redock_4MG8,0.9578,7.6013,inf
4MG8,53-63-4_min,27J_redock_4MG8,0.9538,7.2127,inf
4MG8,5696-58-2_min,27J_redock_4MG8,0.9522,7.2254,inf
4MG8,362-05-0_min,27J_redock_4MG8,0.9490,7.4277,inf
4MG8,5976-61-4_min,27J_redock_4MG8,0.9436,7.4555,inf
4MG8,84-16-2_min,27J_redock_4MG8,0.9435,7.4909,inf
4MG8,56-53-1_min,27J_redock_4MG8,0.9314,7.4113,inf
4MG8,103-90-2_min,27J_redock_4MG8,0.9078,4.2666,inf
4MG8,84-17-3_min,27J_redock_4MG8,0.8753,6.9597,inf
4MG8,57-63-6_min,27J_redock_4MG8,0.8705,7.2609,inf
4MG8,481-29-8_min,27J_redock_4MG8,0.8691,6.8189,inf
4MG8,84057-84-1_min,27J_redock_4MG8,0.8542,6.1525,inf
4MG8,53-43-0_min,27J_redock_4MG8,0.8148,6.4546,inf
4MG8,95-14-7_min,27J_redock_4MG8,0.7909,3.0423,inf
4MG8,34816-55-2_min,27J_redock_4MG8,0.7908,6.1761,inf
4MG8,85-68-7_min,27J_redock_4MG8,0.7848,4.8203,inf
4MG8,876-04-0_min,27J_redock_4MG8,0.7697,3.9026,inf
4MG8,93413-62-8_min,27J_redock_4MG8,0.7470,5.1407,inf
4MG8,2243-62-1_min,27J_redock_4MG8,0.7403,3.3861,inf
4MG8,738-70-5_min,27J_redock_4MG8,0.7343,5.4435,inf
4MG8,134-62-3_min,27J_redock_4MG8,0.6926,3.5809,inf
4MG8,15569-85-4_min,27J_redock_4MG8,0.6258,3.3258,inf
4MG8,601-57-0_min,27J_redock_4MG8,0.6257,4.9072,inf
4MG8,301-02-0_min,27J_redock_4MG8,0.6255,4.6752,inf
4MG8,126-73-8_min,27J_redock_4MG8,0.6133,2.6321,inf
4MG8,537-46-2_min,27J_redock_4MG8,0.6109,2.7282,inf
4MG8,28721-07-5_min,27J_redock_4MG8,0.6105,3.9058,inf
4MG8,525-66-6_min,27J_redock_4MG8,0.6073,3.9637,inf
4MG8,54-11-5_min,27J_redock_4MG8,0.5961,3.0341,inf
4MG8,34014-18-1_min,27J_redock_4MG8,0.5961,3.5742,inf
4MG8,2631-40-5_min,27J_redock_4MG8,0.5901,3.4986,inf
4MG8,60207-90-1_min,27J_redock_4MG8,0.5822,4.2665,inf
4MG8,298-46-4_min,27J_redock_4MG8,0.5699,3.4462,inf
4MG8,29331-92-8_min,27J_redock_4MG8,0.5616,3.3473,inf
4MG8,104746-04-5_min,27J_redock_4MG8,0.5616,3.3473,inf
4MG8,36507-30-9_min,27J_redock_4MG8,0.5568,3.5656,inf
4MG8,14800-24-9_min,27J_redock_4MG8,0.5540,2.1053,inf
4MG8,72-33-3_min,27J_redock_4MG8,0.5535,4.2746,inf
4MG8,10605-21-7_min,27J_redock_4MG8,0.5472,2.7593,inf
4MG8,58-08-2_min,27J_redock_4MG8,0.5456,2.7882,inf
4MG8,1222-05-5_min,27J_redock_4MG8,0.5456,3.6649,inf
4MG8,107534-96-3_min,27J_redock_4MG8,0.5292,3.9535,inf
4MG8,42542-10-9_min,27J_redock_4MG8,0.5179,2.7357,inf
4MG8,5051-22-9_min,27J_redock_4MG8,0.4989,3.2381,inf
4MG8,97-39-2_min,27J_redock_4MG8,0.4938,3.3334,inf
4MG8,58-73-1_min,27J_redock_4MG8,0.4876,2.7620,inf
4MG8,58955-93-4_min,27J_redock_4MG8,0.4526,2.5880,inf
4MG8,34911-55-2_min,27J_redock_4MG8,0.4487,2.7425,inf
4MG8,144-83-2_min,27J_redock_4MG8,0.4435,2.5164,inf
4MG8,541-02-6_min,27J_redock_4MG8,0.4070,1.7662,inf
4MG8,7374-53-0_min,27J_redock_4MG8,0.3805,2.1548,inf
4MG8,18684-55-4_min,27J_redock_4MG8,0.3621,2.3971,inf
4MG8,2163-68-0_min,27J_redock_4MG8,0.3588,2.0230,inf
4MG8,1912-24-9_min,27J_redock_4MG8,0.3544,2.0938,inf
4MG8,66722-44-9_min,27J_redock_4MG8,0.3453,2.0406,inf
4MG8,93413-69-5_min,27J_redock_4MG8,0.3325,2.1321,inf
4MG8,540-97-6_min,27J_redock_4MG8,0.3323,1.4057,inf
4MG8,3930-20-9_min,27J_redock_4MG8,0.3178,1.7011,inf
4MG8,16287-71-1_min,27J_redock_4MG8,0.3135,2.2416,inf
4MG8,69335-91-7_min,27J_redock_4MG8,0.2867,1.8460,inf
4MG8,122-34-9_min,27J_redock_4MG8,0.2544,1.4593,inf
4MG8,7432-28-2_min,27J_redock_4MG8,0.2275,1.5362,inf
4MG8,125-71-3_min,27J_redock_4MG8,0.1743,1.0580,inf
4MG8,134523-00-5_min,27J_redock_4MG8,0.1574,0.9587,inf
4MG9,474-86-2_min,27K_redock_4MG9,0.9712,7.6767,inf
4MG9,53-16-7_min,27K_redock_4MG9,0.9688,7.5254,inf
4MG9,84-16-2_min,27K_redock_4MG9,0.9537,7.6314,inf
4MG9,53-63-4_min,27K_redock_4MG9,0.9406,7.1720,inf
4MG9,34816-55-2_min,27K_redock_4MG9,0.9393,7.6681,inf
4MG9,57-91-0_min,27K_redock_4MG9,0.9335,7.1727,inf
4MG9,57-63-6_min,27K_redock_4MG9,0.9266,7.5236,inf
4MG9,53-43-0_min,27K_redock_4MG9,0.9224,7.1426,inf
4MG9,85-68-7_min,27K_redock_4MG9,0.9146,5.3878,inf
4MG9,5696-58-2_min,27K_redock_4MG9,0.9145,6.8133,inf
4MG9,50-28-2_min,27K_redock_4MG9,0.8953,6.9561,inf
4MG9,103-90-2_min,27K_redock_4MG9,0.8856,4.2575,inf
4MG9,56-53-1_min,27K_redock_4MG9,0.8783,6.9223,inf
4MG9,84057-84-1_min,27K_redock_4MG9,0.8762,6.1838,inf
4MG9,301-02-0_min,27K_redock_4MG9,0.8714,6.6942,inf
4MG9,362-05-0_min,27K_redock_4MG9,0.8546,6.3315,inf
4MG9,84-17-3_min,27K_redock_4MG9,0.8504,6.8071,inf
4MG9,481-29-8_min,27K_redock_4MG9,0.8439,6.4925,inf
4MG9,50-27-1_min,27K_redock_4MG9,0.8422,6.2211,inf
4MG9,738-70-5_min,27K_redock_4MG9,0.8187,5.9700,inf
4MG9,95-14-7_min,27K_redock_4MG9,0.8122,3.0777,inf
4MG9,134-62-3_min,27K_redock_4MG9,0.8028,4.2480,inf
4MG9,5976-61-4_min,27K_redock_4MG9,0.7598,5.6112,inf
4MG9,107534-96-3_min,27K_redock_4MG9,0.7521,5.5680,inf
4MG9,876-04-0_min,27K_redock_4MG9,0.7421,3.4835,inf
4MG9,126-73-8_min,27K_redock_4MG9,0.7301,3.0836,inf
4MG9,15569-85-4_min,27K_redock_4MG9,0.7287,3.9536,inf
4MG9,60207-90-1_min,27K_redock_4MG9,0.6904,4.9427,inf
4MG9,93413-62-8_min,27K_redock_4MG9,0.6833,4.8040,inf
4MG9,2243-62-1_min,27K_redock_4MG9,0.6498,2.8690,inf
4MG9,54-11-5_min,27K_redock_4MG9,0.6483,3.1386,inf
4MG9,298-46-4_min,27K_redock_4MG9,0.6226,3.8419,inf
4MG9,537-46-2_min,27K_redock_4MG9,0.6185,2.8149,inf
4MG9,34014-18-1_min,27K_redock_4MG9,0.6153,3.6011,inf
4MG9,2631-40-5_min,27K_redock_4MG9,0.6059,3.4145,inf
4MG9,72-33-3_min,27K_redock_4MG9,0.6017,4.5243,inf
4MG9,16287-71-1_min,27K_redock_4MG9,0.5758,4.1806,inf
4MG9,42542-10-9_min,27K_redock_4MG9,0.5585,3.0123,inf
4MG9,28721-07-5_min,27K_redock_4MG9,0.5376,3.2380,inf
4MG9,122-34-9_min,27K_redock_4MG9,0.5372,3.0115,inf
4MG9,58-08-2_min,27K_redock_4MG9,0.5318,2.5443,inf
4MG9,144-83-2_min,27K_redock_4MG9,0.5137,3.2851,inf
4MG9,58-73-1_min,27K_redock_4MG9,0.5023,2.9109,inf
4MG9,36507-30-9_min,27K_redock_4MG9,0.4948,2.9507,inf
4MG9,34911-55-2_min,27K_redock_4MG9,0.4825,2.9530,inf
4MG9,97-39-2_min,27K_redock_4MG9,0.4818,3.0875,inf
4MG9,1222-05-5_min,27K_redock_4MG9,0.4810,3.1795,inf
4MG9,14800-24-9_min,27K_redock_4MG9,0.4645,1.7478,inf
4MG9,1912-24-9_min,27K_redock_4MG9,0.4501,2.5585,inf
4MG9,10605-21-7_min,27K_redock_4MG9,0.4426,2.2371,inf
4MG9,525-66-6_min,27K_redock_4MG9,0.4409,2.7892,inf
4MG9,3930-20-9_min,27K_redock_4MG9,0.4213,2.7451,inf
4MG9,5051-22-9_min,27K_redock_4MG9,0.4192,2.6839,inf
4MG9,601-57-0_min,27K_redock_4MG9,0.3856,2.9985,inf
4MG9,541-02-6_min,27K_redock_4MG9,0.3785,1.6320,inf
4MG9,540-97-6_min,27K_redock_4MG9,0.3630,1.5013,inf
4MG9,69335-91-7_min,27K_redock_4MG9,0.3597,2.5129,inf
4MG9,104746-04-5_min,27K_redock_4MG9,0.3393,1.9252,inf
4MG9,29331-92-8_min,27K_redock_4MG9,0.3393,1.9252,inf
4MG9,18684-55-4_min,27K_redock_4MG9,0.3359,2.1889,inf
4MG9,125-71-3_min,27K_redock_4MG9,0.3228,2.0104,inf
4MG9,93413-69-5_min,27K_redock_4MG9,0.2986,1.9061,inf
4MG9,66722-44-9_min,27K_redock_4MG9,0.2903,1.9142,inf
4MG9,58955-93-4_min,27K_redock_4MG9,0.2583,1.3775,inf
4MG9,7432-28-2_min,27K_redock_4MG9,0.2232,1.3937,inf
4MG9,2163-68-0_min,27K_redock_4MG9,0.1779,0.9610,inf
4MG9,7374-53-0_min,27K_redock_4MG9,0.1572,0.8744,inf
4MG9,134523-00-5_min,27K_redock_4MG9,0.1313,0.9490,inf
4MGA,84-16-2_min,27L_redock_4MGA,0.9616,7.6649,inf
4MGA,56-53-1_min,27L_redock_4MGA,0.9563,7.5677,inf
4MGA,474-86-2_min,27L_redock_4MGA,0.9415,7.5886,inf
4MGA,53-16-7_min,27L_redock_4MGA,0.9229,7.3352,inf
4MGA,84057-84-1_min,27L_redock_4MGA,0.9215,6.4918,inf
4MGA,84-17-3_min,27L_redock_4MGA,0.8815,7.1132,inf
4MGA,50-28-2_min,27L_redock_4MGA,0.8808,7.0820,inf
4MGA,53-63-4_min,27L_redock_4MGA,0.8675,6.7053,inf
4MGA,53-43-0_min,27L_redock_4MGA,0.8668,6.8636,inf
4MGA,481-29-8_min,27L_redock_4MGA,0.8444,6.6922,inf
4MGA,103-90-2_min,27L_redock_4MGA,0.8246,4.5230,inf
4MGA,57-91-0_min,27L_redock_4MGA,0.8236,6.5132,inf
4MGA,362-05-0_min,27L_redock_4MGA,0.8169,6.4006,inf
4MGA,5976-61-4_min,27L_redock_4MGA,0.8103,6.0810,inf
4MGA,5696-58-2_min,27L_redock_4MGA,0.7925,5.8177,inf
4MGA,36507-30-9_min,27L_redock_4MGA,0.7768,5.2108,inf
4MGA,85-68-7_min,27L_redock_4MGA,0.7726,4.7297,inf
4MGA,95-14-7_min,27L_redock_4MGA,0.7699,2.9658,inf
4MGA,876-04-0_min,27L_redock_4MGA,0.7639,3.8492,inf
4MGA,93413-62-8_min,27L_redock_4MGA,0.7635,5.1216,inf
4MGA,301-02-0_min,27L_redock_4MGA,0.7621,5.8762,inf
4MGA,15569-85-4_min,27L_redock_4MGA,0.7573,4.1817,inf
4MGA,537-46-2_min,27L_redock_4MGA,0.7525,3.8932,inf
4MGA,134-62-3_min,27L_redock_4MGA,0.7493,3.9912,inf
4MGA,738-70-5_min,27L_redock_4MGA,0.7448,5.4718,inf
4MGA,50-27-1_min,27L_redock_4MGA,0.7427,5.7058,inf
4MGA,57-63-6_min,27L_redock_4MGA,0.7267,5.4937,inf
4MGA,2631-40-5_min,27L_redock_4MGA,0.7182,4.3603,inf
4MGA,126-73-8_min,27L_redock_4MGA,0.6990,3.1271,inf
4MGA,34816-55-2_min,27L_redock_4MGA,0.6626,5.0702,inf
4MGA,144-83-2_min,27L_redock_4MGA,0.6381,4.0222,inf
4MGA,54-11-5_min,27L_redock_4MGA,0.6339,3.3112,inf
4MGA,58-08-2_min,27L_redock_4MGA,0.6213,3.1910,inf
4MGA,1912-24-9_min,27L_redock_4MGA,0.6205,3.8462,inf
4MGA,42542-10-9_min,27L_redock_4MGA,0.6144,3.1934,inf
4MGA,2243-62-1_min,27L_redock_4MGA,0.6030,3.0367,inf
4MGA,58-73-1_min,27L_redock_4MGA,0.5969,3.5862,inf
4MGA,60207-90-1_min,27L_redock_4MGA,0.5561,3.8242,inf
4MGA,34014-18-1_min,27L_redock_4MGA,0.5468,3.3820,inf
4MGA,28721-07-5_min,27L_redock_4MGA,0.5408,3.3438,inf
4MGA,298-46-4_min,27L_redock_4MGA,0.5363,3.5110,inf
4MGA,125-71-3_min,27L_redock_4MGA,0.5304,3.6241,inf
4MGA,107534-96-3_min,27L_redock_4MGA,0.5228,3.9364,inf
4MGA,34911-55-2_min,27L_redock_4MGA,0.5218,3.2251,inf
4MGA,5051-22-9_min,27L_redock_4MGA,0.5205,3.3999,inf
4MGA,14800-24-9_min,27L_redock_4MGA,0.5198,2.1023,inf
4MGA,1222-05-5_min,27L_redock_4MGA,0.5109,3.4005,inf
4MGA,525-66-6_min,27L_redock_4MGA,0.4962,3.2646,inf
4MGA,29331-92-8_min,27L_redock_4MGA,0.4896,3.0406,inf
4MGA,104746-04-5_min,27L_redock_4MGA,0.4896,3.0406,inf
4MGA,122-34-9_min,27L_redock_4MGA,0.4699,2.7635,inf
4MGA,72-33-3_min,27L_redock_4MGA,0.4539,3.3681,inf
4MGA,58955-93-4_min,27L_redock_4MGA,0.4503,2.7777,inf
4MGA,2163-68-0_min,27L_redock_4MGA,0.4491,2.5406,inf
4MGA,93413-69-5_min,27L_redock_4MGA,0.4445,2.8998,inf
4MGA,69335-91-7_min,27L_redock_4MGA,0.4406,2.5382,inf
4MGA,7374-53-0_min,27L_redock_4MGA,0.4375,2.6062,inf
4MGA,10605-21-7_min,27L_redock_4MGA,0.4350,2.3663,inf
4MGA,3930-20-9_min,27L_redock_4MGA,0.4268,2.6930,inf
4MGA,540-97-6_min,27L_redock_4MGA,0.4188,1.8525,inf
4MGA,601-57-0_min,27L_redock_4MGA,0.4174,3.1552,inf
4MGA,541-02-6_min,27L_redock_4MGA,0.4153,1.8936,inf
4MGA,97-39-2_min,27L_redock_4MGA,0.4028,2.5732,inf
4MGA,18684-55-4_min,27L_redock_4MGA,0.3810,2.4516,inf
4MGA,7432-28-2_min,27L_redock_4MGA,0.3027,1.9448,inf
4MGA,16287-71-1_min,27L_redock_4MGA,0.2913,2.0657,inf
4MGA,66722-44-9_min,27L_redock_4MGA,0.2854,1.8180,inf
4MGA,134523-00-5_min,27L_redock_4MGA,0.1880,1.2271,inf
4MGC,53-16-7_min,27M_redock_4MGC,0.9704,7.8600,inf
4MGC,84-16-2_min,27M_redock_4MGC,0.9603,7.8987,inf
4MGC,56-53-1_min,27M_redock_4MGC,0.9598,7.8891,inf
4MGC,5696-58-2_min,27M_redock_4MGC,0.9594,7.3787,inf
4MGC,50-28-2_min,27M_redock_4MGC,0.9593,7.8159,inf
4MGC,84-17-3_min,27M_redock_4MGC,0.9502,7.7883,inf
4MGC,53-63-4_min,27M_redock_4MGC,0.9501,7.4317,inf
4MGC,53-43-0_min,27M_redock_4MGC,0.9474,7.7991,inf
4MGC,474-86-2_min,27M_redock_4MGC,0.9474,7.3999,inf
4MGC,57-91-0_min,27M_redock_4MGC,0.9446,7.5561,inf
4MGC,481-29-8_min,27M_redock_4MGC,0.9315,7.6181,inf
4MGC,362-05-0_min,27M_redock_4MGC,0.9143,7.0167,inf
4MGC,84057-84-1_min,27M_redock_4MGC,0.8574,6.1284,inf
4MGC,50-27-1_min,27M_redock_4MGC,0.8528,6.4126,inf
4MGC,5976-61-4_min,27M_redock_4MGC,0.8214,6.0248,inf
4MGC,103-90-2_min,27M_redock_4MGC,0.8175,4.4835,inf
4MGC,85-68-7_min,27M_redock_4MGC,0.8132,5.2867,inf
4MGC,15569-85-4_min,27M_redock_4MGC,0.8006,4.2828,inf
4MGC,876-04-0_min,27M_redock_4MGC,0.8000,3.9651,inf
4MGC,134-62-3_min,27M_redock_4MGC,0.7976,3.9764,inf
4MGC,57-63-6_min,27M_redock_4MGC,0.7943,6.2074,inf
4MGC,34816-55-2_min,27M_redock_4MGC,0.7537,5.9351,inf
4MGC,42542-10-9_min,27M_redock_4MGC,0.7216,4.4599,inf
4MGC,95-14-7_min,27M_redock_4MGC,0.7153,2.5727,inf
4MGC,738-70-5_min,27M_redock_4MGC,0.7145,5.0478,inf
4MGC,97-39-2_min,27M_redock_4MGC,0.6993,4.2104,inf
4MGC,93413-62-8_min,27M_redock_4MGC,0.6960,4.9395,inf
4MGC,54-11-5_min,27M_redock_4MGC,0.6892,3.7508,inf
4MGC,28721-07-5_min,27M_redock_4MGC,0.6887,4.3640,inf
4MGC,58-08-2_min,27M_redock_4MGC,0.6804,3.6516,inf
4MGC,2243-62-1_min,27M_redock_4MGC,0.6518,3.0928,inf
4MGC,537-46-2_min,27M_redock_4MGC,0.6446,2.8177,inf
4MGC,126-73-8_min,27M_redock_4MGC,0.6408,2.5409,inf
4MGC,34014-18-1_min,27M_redock_4MGC,0.6287,3.6352,inf
4MGC,69335-91-7_min,27M_redock_4MGC,0.6258,4.3798,inf
4MGC,2631-40-5_min,27M_redock_4MGC,0.6200,3.4752,inf
4MGC,10605-21-7_min,27M_redock_4MGC,0.6091,3.3224,inf
4MGC,298-46-4_min,27M_redock_4MGC,0.5838,3.6448,inf
4MGC,144-83-2_min,27M_redock_4MGC,0.5790,3.6558,inf
4MGC,1222-05-5_min,27M_redock_4MGC,0.5787,3.9890,inf
4MGC,34911-55-2_min,27M_redock_4MGC,0.5664,3.3851,inf
4MGC,29331-92-8_min,27M_redock_4MGC,0.5588,3.3785,inf
4MGC,104746-04-5_min,27M_redock_4MGC,0.5588,3.3785,inf
4MGC,60207-90-1_min,27M_redock_4MGC,0.5485,3.8639,inf
4MGC,36507-30-9_min,27M_redock_4MGC,0.5463,3.1450,inf
4MGC,58-73-1_min,27M_redock_4MGC,0.5238,3.0666,inf
4MGC,601-57-0_min,27M_redock_4MGC,0.5034,3.9928,inf
4MGC,301-02-0_min,27M_redock_4MGC,0.4760,3.4839,inf
4MGC,525-66-6_min,27M_redock_4MGC,0.4656,3.0117,inf
4MGC,14800-24-9_min,27M_redock_4MGC,0.4497,1.7336,inf
4MGC,1912-24-9_min,27M_redock_4MGC,0.4360,2.5385,inf
4MGC,5051-22-9_min,27M_redock_4MGC,0.4303,2.7298,inf
4MGC,122-34-9_min,27M_redock_4MGC,0.4285,2.4325,inf
4MGC,541-02-6_min,27M_redock_4MGC,0.4098,1.8262,inf
4MGC,72-33-3_min,27M_redock_4MGC,0.4093,3.0574,inf
4MGC,107534-96-3_min,27M_redock_4MGC,0.3837,2.6962,inf
4MGC,2163-68-0_min,27M_redock_4MGC,0.3763,2.0084,inf
4MGC,540-97-6_min,27M_redock_4MGC,0.3719,1.6348,inf
4MGC,3930-20-9_min,27M_redock_4MGC,0.3504,2.2287,inf
4MGC,93413-69-5_min,27M_redock_4MGC,0.2948,1.8384,inf
4MGC,18684-55-4_min,27M_redock_4MGC,0.2937,1.7523,inf
4MGC,66722-44-9_min,27M_redock_4MGC,0.2849,1.7650,inf
4MGC,58955-93-4_min,27M_redock_4MGC,0.2805,1.5651,inf
4MGC,125-71-3_min,27M_redock_4MGC,0.2387,1.4428,inf
4MGC,7374-53-0_min,27M_redock_4MGC,0.2353,1.3143,inf
4MGC,7432-28-2_min,27M_redock_4MGC,0.2340,1.4520,inf
4MGC,16287-71-1_min,27M_redock_4MGC,0.2080,1.3546,inf
4MGC,134523-00-5_min,27M_redock_4MGC,0.1605,0.9710,inf
4TUZ,53-16-7_min,36J_redock_4TUZ,0.9782,7.8868,inf
4TUZ,50-28-2_min,36J_redock_4TUZ,0.9705,8.0251,inf
4TUZ,474-86-2_min,36J_redock_4TUZ,0.9684,7.8438,inf
4TUZ,53-63-4_min,36J_redock_4TUZ,0.9626,7.6836,inf
4TUZ,57-91-0_min,36J_redock_4TUZ,0.9626,7.9547,inf
4TUZ,5696-58-2_min,36J_redock_4TUZ,0.9529,7.2718,inf
4TUZ,53-43-0_min,36J_redock_4TUZ,0.9479,7.5804,inf
4TUZ,50-27-1_min,36J_redock_4TUZ,0.9399,7.6100,inf
4TUZ,481-29-8_min,36J_redock_4TUZ,0.9319,7.4774,inf
4TUZ,362-05-0_min,36J_redock_4TUZ,0.9249,7.1641,inf
4TUZ,84-16-2_min,36J_redock_4TUZ,0.9235,7.3405,inf
4TUZ,56-53-1_min,36J_redock_4TUZ,0.9118,7.4040,inf
4TUZ,5976-61-4_min,36J_redock_4TUZ,0.9005,6.9493,inf
4TUZ,85-68-7_min,36J_redock_4TUZ,0.8691,5.4572,inf
4TUZ,84-17-3_min,36J_redock_4TUZ,0.8592,6.8016,inf
4TUZ,84057-84-1_min,36J_redock_4TUZ,0.8552,6.1266,inf
4TUZ,34816-55-2_min,36J_redock_4TUZ,0.8506,7.0605,inf
4TUZ,57-63-6_min,36J_redock_4TUZ,0.8450,7.0344,inf
4TUZ,876-04-0_min,36J_redock_4TUZ,0.7942,3.9885,inf
4TUZ,103-90-2_min,36J_redock_4TUZ,0.7865,3.9183,inf
4TUZ,95-14-7_min,36J_redock_4TUZ,0.7846,3.0230,inf
4TUZ,126-73-8_min,36J_redock_4TUZ,0.7403,3.1488,inf
4TUZ,134-62-3_min,36J_redock_4TUZ,0.7165,3.5366,inf
4TUZ,738-70-5_min,36J_redock_4TUZ,0.6958,5.2536,inf
4TUZ,298-46-4_min,36J_redock_4TUZ,0.6877,4.3644,inf
4TUZ,1222-05-5_min,36J_redock_4TUZ,0.6799,4.5935,inf
4TUZ,2631-40-5_min,36J_redock_4TUZ,0.6642,3.8368,inf
4TUZ,93413-62-8_min,36J_redock_4TUZ,0.6432,4.4628,inf
4TUZ,301-02-0_min,36J_redock_4TUZ,0.6214,4.7389,inf
4TUZ,2243-62-1_min,36J_redock_4TUZ,0.6125,2.8201,inf
4TUZ,15569-85-4_min,36J_redock_4TUZ,0.6095,3.1888,inf
4TUZ,34014-18-1_min,36J_redock_4TUZ,0.6070,3.8853,inf
4TUZ,104746-04-5_min,36J_redock_4TUZ,0.6012,3.6435,inf
4TUZ,29331-92-8_min,36J_redock_4TUZ,0.6012,3.6435,inf
4TUZ,60207-90-1_min,36J_redock_4TUZ,0.6004,4.3809,inf
4TUZ,28721-07-5_min,36J_redock_4TUZ,0.5833,3.6814,inf
4TUZ,36507-30-9_min,36J_redock_4TUZ,0.5696,3.7374,inf
4TUZ,34911-55-2_min,36J_redock_4TUZ,0.5610,3.4922,inf
4TUZ,58-08-2_min,36J_redock_4TUZ,0.5542,2.7015,inf
4TUZ,537-46-2_min,36J_redock_4TUZ,0.5472,2.4540,inf
4TUZ,42542-10-9_min,36J_redock_4TUZ,0.5445,2.7249,inf
4TUZ,601-57-0_min,36J_redock_4TUZ,0.5240,4.1840,inf
4TUZ,144-83-2_min,36J_redock_4TUZ,0.4893,2.7638,inf
4TUZ,72-33-3_min,36J_redock_4TUZ,0.4580,3.4749,inf
4TUZ,107534-96-3_min,36J_redock_4TUZ,0.4574,3.2857,inf
4TUZ,525-66-6_min,36J_redock_4TUZ,0.4396,2.6724,inf
4TUZ,97-39-2_min,36J_redock_4TUZ,0.4241,2.7966,inf
4TUZ,18684-55-4_min,36J_redock_4TUZ,0.4099,2.7353,inf
4TUZ,1912-24-9_min,36J_redock_4TUZ,0.4082,2.3166,inf
4TUZ,14800-24-9_min,36J_redock_4TUZ,0.3987,1.4730,inf
4TUZ,122-34-9_min,36J_redock_4TUZ,0.3936,2.2673,inf
4TUZ,58-73-1_min,36J_redock_4TUZ,0.3873,2.1470,inf
4TUZ,54-11-5_min,36J_redock_4TUZ,0.3835,1.9942,inf
4TUZ,10605-21-7_min,36J_redock_4TUZ,0.3797,2.0059,inf
4TUZ,541-02-6_min,36J_redock_4TUZ,0.3704,1.6157,inf
4TUZ,5051-22-9_min,36J_redock_4TUZ,0.3635,2.1861,inf
4TUZ,7374-53-0_min,36J_redock_4TUZ,0.3515,1.9691,inf
4TUZ,540-97-6_min,36J_redock_4TUZ,0.3425,1.4784,inf
4TUZ,2163-68-0_min,36J_redock_4TUZ,0.3284,1.6840,inf
4TUZ,58955-93-4_min,36J_redock_4TUZ,0.3270,1.9708,inf
4TUZ,66722-44-9_min,36J_redock_4TUZ,0.3236,1.9535,inf
4TUZ,3930-20-9_min,36J_redock_4TUZ,0.3217,1.3948,inf
4TUZ,7432-28-2_min,36J_redock_4TUZ,0.3209,2.1029,inf
4TUZ,93413-69-5_min,36J_redock_4TUZ,0.2851,1.8065,inf
4TUZ,69335-91-7_min,36J_redock_4TUZ,0.2806,1.5632,inf
4TUZ,16287-71-1_min,36J_redock_4TUZ,0.2271,1.4918,inf
4TUZ,134523-00-5_min,36J_redock_4TUZ,0.2254,1.7078,inf
4TUZ,125-71-3_min,36J_redock_4TUZ,0.2094,1.3640,inf
4ZN7,84-16-2_min,DES_redock_4ZN7,0.9858,8.3861,2.3310
4ZN7,84-17-3_min,DES_redock_4ZN7,0.9849,8.4305,0.5522
4ZN7,53-16-7_min,DES_redock_4ZN7,0.9848,8.0464,inf
4ZN7,56-53-1_min,DES_redock_4ZN7,0.9824,8.3163,0.4520
4ZN7,50-28-2_min,DES_redock_4ZN7,0.9763,8.3095,inf
4ZN7,57-91-0_min,DES_redock_4ZN7,0.9754,8.0391,inf
4ZN7,474-86-2_min,DES_redock_4ZN7,0.9713,8.1406,inf
4ZN7,53-63-4_min,DES_redock_4ZN7,0.9709,7.8754,inf
4ZN7,5696-58-2_min,DES_redock_4ZN7,0.9641,7.5150,inf
4ZN7,53-43-0_min,DES_redock_4ZN7,0.9581,7.8363,inf
4ZN7,50-27-1_min,DES_redock_4ZN7,0.9533,7.9881,inf
4ZN7,481-29-8_min,DES_redock_4ZN7,0.9397,7.5241,inf
4ZN7,84057-84-1_min,DES_redock_4ZN7,0.9372,6.9242,inf
4ZN7,5976-61-4_min,DES_redock_4ZN7,0.9169,7.4652,inf
4ZN7,362-05-0_min,DES_redock_4ZN7,0.9116,7.2814,inf
4ZN7,738-70-5_min,DES_redock_4ZN7,0.9099,7.0428,inf
4ZN7,57-63-6_min,DES_redock_4ZN7,0.8767,7.2867,inf
4ZN7,34816-55-2_min,DES_redock_4ZN7,0.8763,7.3901,inf
4ZN7,103-90-2_min,DES_redock_4ZN7,0.8666,4.1858,inf
4ZN7,15569-85-4_min,DES_redock_4ZN7,0.8610,4.8374,inf
4ZN7,301-02-0_min,DES_redock_4ZN7,0.8496,6.8648,inf
4ZN7,95-14-7_min,DES_redock_4ZN7,0.8308,3.2065,inf
4ZN7,876-04-0_min,DES_redock_4ZN7,0.8218,3.9150,inf
4ZN7,93413-62-8_min,DES_redock_4ZN7,0.7665,5.6746,inf
4ZN7,58-08-2_min,DES_redock_4ZN7,0.7552,4.0611,inf
4ZN7,54-11-5_min,DES_redock_4ZN7,0.7367,3.7779,inf
4ZN7,42542-10-9_min,DES_redock_4ZN7,0.7342,4.3018,inf
4ZN7,134-62-3_min,DES_redock_4ZN7,0.7017,3.5071,inf
4ZN7,72-33-3_min,DES_redock_4ZN7,0.6665,5.3277,inf
4ZN7,126-73-8_min,DES_redock_4ZN7,0.6579,2.6955,inf
4ZN7,1222-05-5_min,DES_redock_4ZN7,0.6512,4.4243,inf
4ZN7,298-46-4_min,DES_redock_4ZN7,0.6432,4.2046,inf
4ZN7,36507-30-9_min,DES_redock_4ZN7,0.6270,3.9132,inf
4ZN7,2631-40-5_min,DES_redock_4ZN7,0.6221,3.7689,inf
4ZN7,85-68-7_min,DES_redock_4ZN7,0.6196,3.3789,inf
4ZN7,7374-53-0_min,DES_redock_4ZN7,0.6169,3.5855,inf
4ZN7,144-83-2_min,DES_redock_4ZN7,0.6047,3.6706,inf
4ZN7,28721-07-5_min,DES_redock_4ZN7,0.5927,3.8811,inf
4ZN7,14800-24-9_min,DES_redock_4ZN7,0.5802,2.1362,inf
4ZN7,537-46-2_min,DES_redock_4ZN7,0.5662,2.8989,inf
4ZN7,58-73-1_min,DES_redock_4ZN7,0.5382,3.2503,inf
4ZN7,60207-90-1_min,DES_redock_4ZN7,0.5335,3.9236,inf
4ZN7,29331-92-8_min,DES_redock_4ZN7,0.5320,3.3546,inf
4ZN7,104746-04-5_min,DES_redock_4ZN7,0.5320,3.3546,inf
4ZN7,2163-68-0_min,DES_redock_4ZN7,0.5078,2.6616,inf
4ZN7,122-34-9_min,DES_redock_4ZN7,0.4747,2.7228,inf
4ZN7,2243-62-1_min,DES_redock_4ZN7,0.4661,2.2228,inf
4ZN7,34014-18-1_min,DES_redock_4ZN7,0.4563,2.9564,inf
4ZN7,3930-20-9_min,DES_redock_4ZN7,0.4470,2.7133,inf
4ZN7,58955-93-4_min,DES_redock_4ZN7,0.4464,2.7124,inf
4ZN7,601-57-0_min,DES_redock_4ZN7,0.4438,3.3399,inf
4ZN7,34911-55-2_min,DES_redock_4ZN7,0.4398,2.6615,inf
4ZN7,540-97-6_min,DES_redock_4ZN7,0.4318,1.9968,inf
4ZN7,107534-96-3_min,DES_redock_4ZN7,0.4299,3.1323,inf
4ZN7,97-39-2_min,DES_redock_4ZN7,0.4186,2.7081,inf
4ZN7,10605-21-7_min,DES_redock_4ZN7,0.4043,2.1198,inf
4ZN7,93413-69-5_min,DES_redock_4ZN7,0.3986,2.6711,inf
4ZN7,69335-91-7_min,DES_redock_4ZN7,0.3893,2.7890,inf
4ZN7,1912-24-9_min,DES_redock_4ZN7,0.3805,2.3050,inf
4ZN7,525-66-6_min,DES_redock_4ZN7,0.3751,2.3585,inf
4ZN7,541-02-6_min,DES_redock_4ZN7,0.3684,1.6242,inf
4ZN7,125-71-3_min,DES_redock_4ZN7,0.3231,2.0704,inf
4ZN7,5051-22-9_min,DES_redock_4ZN7,0.2975,1.8948,inf
4ZN7,66722-44-9_min,DES_redock_4ZN7,0.2796,1.6834,inf
4ZN7,16287-71-1_min,DES_redock_4ZN7,0.2748,1.9130,inf
4ZN7,7432-28-2_min,DES_redock_4ZN7,0.2561,1.6109,inf
4ZN7,18684-55-4_min,DES_redock_4ZN7,0.2454,1.4491,inf
4ZN7,134523-00-5_min,DES_redock_4ZN7,0.1784,1.0752,inf
6CBZ,53-16-7_min,EST_redock_6CBZ,0.9874,7.9654,0.5623
6CBZ,474-86-2_min,EST_redock_6CBZ,0.9870,7.9257,0.7749
6CBZ,50-28-2_min,EST_redock_6CBZ,0.9833,8.2554,0.5213
6CBZ,57-91-0_min,EST_redock_6CBZ,0.9790,8.1477,0.6064
6CBZ,50-27-1_min,EST_redock_6CBZ,0.9752,7.9621,0.4214
6CBZ,5696-58-2_min,EST_redock_6CBZ,0.9695,7.5132,0.6458
6CBZ,53-43-0_min,EST_redock_6CBZ,0.9652,7.9192,0.6037
6CBZ,53-63-4_min,EST_redock_6CBZ,0.9643,7.6754,inf
6CBZ,5976-61-4_min,EST_redock_6CBZ,0.9525,7.5988,0.4482
6CBZ,481-29-8_min,EST_redock_6CBZ,0.9522,7.7174,0.5941
6CBZ,84-16-2_min,EST_redock_6CBZ,0.9516,7.8213,inf
6CBZ,56-53-1_min,EST_redock_6CBZ,0.9503,7.7402,inf
6CBZ,84057-84-1_min,EST_redock_6CBZ,0.9412,6.7503,inf
6CBZ,84-17-3_min,EST_redock_6CBZ,0.9376,7.7568,inf
6CBZ,362-05-0_min,EST_redock_6CBZ,0.9303,7.4451,0.6157
6CBZ,57-63-6_min,EST_redock_6CBZ,0.8922,7.3047,0.8486
6CBZ,34816-55-2_min,EST_redock_6CBZ,0.8752,7.4315,0.8863
6CBZ,738-70-5_min,EST_redock_6CBZ,0.8277,6.4864,inf
6CBZ,876-04-0_min,EST_redock_6CBZ,0.8219,4.1637,inf
6CBZ,301-02-0_min,EST_redock_6CBZ,0.8195,6.3242,inf
6CBZ,95-14-7_min,EST_redock_6CBZ,0.8174,3.1375,inf
6CBZ,103-90-2_min,EST_redock_6CBZ,0.8167,3.9288,inf
6CBZ,85-68-7_min,EST_redock_6CBZ,0.8085,5.1112,inf
6CBZ,93413-62-8_min,EST_redock_6CBZ,0.8008,5.4283,inf
6CBZ,126-73-8_min,EST_redock_6CBZ,0.7339,2.9789,inf
6CBZ,58-08-2_min,EST_redock_6CBZ,0.6644,3.3024,inf
6CBZ,2631-40-5_min,EST_redock_6CBZ,0.6480,3.8275,inf
6CBZ,15569-85-4_min,EST_redock_6CBZ,0.6353,3.3494,inf
6CBZ,72-33-3_min,EST_redock_6CBZ,0.6290,4.8885,0.5952
6CBZ,28721-07-5_min,EST_redock_6CBZ,0.6118,3.9406,inf
6CBZ,144-83-2_min,EST_redock_6CBZ,0.6054,3.9572,inf
6CBZ,2163-68-0_min,EST_redock_6CBZ,0.5930,3.0328,inf
6CBZ,34014-18-1_min,EST_redock_6CBZ,0.5908,3.8960,inf
6CBZ,298-46-4_min,EST_redock_6CBZ,0.5643,3.6815,inf
6CBZ,36507-30-9_min,EST_redock_6CBZ,0.5578,3.6441,inf
6CBZ,134-62-3_min,EST_redock_6CBZ,0.5545,2.7901,inf
6CBZ,1222-05-5_min,EST_redock_6CBZ,0.5526,3.6594,inf
6CBZ,60207-90-1_min,EST_redock_6CBZ,0.5506,3.9890,inf
6CBZ,58955-93-4_min,EST_redock_6CBZ,0.5437,3.0477,inf
6CBZ,58-73-1_min,EST_redock_6CBZ,0.5436,3.1655,inf
6CBZ,2243-62-1_min,EST_redock_6CBZ,0.5357,2.5054,inf
6CBZ,104746-04-5_min,EST_redock_6CBZ,0.5335,3.2749,inf
6CBZ,29331-92-8_min,EST_redock_6CBZ,0.5335,3.2749,inf
6CBZ,54-11-5_min,EST_redock_6CBZ,0.5254,2.7849,inf
6CBZ,107534-96-3_min,EST_redock_6CBZ,0.5178,3.7163,inf
6CBZ,10605-21-7_min,EST_redock_6CBZ,0.5077,2.5927,inf
6CBZ,537-46-2_min,EST_redock_6CBZ,0.4965,2.0312,inf
6CBZ,7374-53-0_min,EST_redock_6CBZ,0.4952,2.7793,inf
6CBZ,34911-55-2_min,EST_redock_6CBZ,0.4792,2.7612,inf
6CBZ,42542-10-9_min,EST_redock_6CBZ,0.4716,2.5673,inf
6CBZ,69335-91-7_min,EST_redock_6CBZ,0.4713,2.5522,inf
6CBZ,18684-55-4_min,EST_redock_6CBZ,0.4649,3.1205,inf
6CBZ,525-66-6_min,EST_redock_6CBZ,0.4510,2.8709,inf
6CBZ,97-39-2_min,EST_redock_6CBZ,0.4506,2.9207,inf
6CBZ,601-57-0_min,EST_redock_6CBZ,0.4442,3.3446,inf
6CBZ,122-34-9_min,EST_redock_6CBZ,0.4400,2.3953,inf
6CBZ,14800-24-9_min,EST_redock_6CBZ,0.4196,1.5322,inf
6CBZ,93413-69-5_min,EST_redock_6CBZ,0.4131,2.6366,inf
6CBZ,1912-24-9_min,EST_redock_6CBZ,0.4121,2.3638,inf
6CBZ,5051-22-9_min,EST_redock_6CBZ,0.4019,2.5580,inf
6CBZ,16287-71-1_min,EST_redock_6CBZ,0.4009,2.5031,inf
6CBZ,541-02-6_min,EST_redock_6CBZ,0.3510,1.3306,inf
6CBZ,3930-20-9_min,EST_redock_6CBZ,0.3466,2.1359,inf
6CBZ,540-97-6_min,EST_redock_6CBZ,0.3415,1.4555,inf
6CBZ,66722-44-9_min,EST_redock_6CBZ,0.3289,2.0692,inf
6CBZ,125-71-3_min,EST_redock_6CBZ,0.2095,1.3233,inf
6CBZ,134523-00-5_min,EST_redock_6CBZ,0.1748,1.2158,inf
6CBZ,7432-28-2_min,EST_redock_6CBZ,0.1382,0.8470,inf
