CAS,CID,MolecularFormula,MolecularWeight,IUPACName
134523-00-5,60823,C33H35FN2O5,558.6,"(3R,5R)-7-[2-(4-fluorophenyl)-3-phenyl-4-(phenylcarbamoyl)-5-propan-2-ylpyrrol-1-yl]-3,5-dihydroxyheptanoic acid"
85-68-7,2347,C19H20O4,312.4,"2-O-benzyl 1-O-butyl benzene-1,2-dicarboxylate"
58-08-2,2519,C8H10N4O2,194.19,"1,3,7-trimethylpurine-2,6-dione"
298-46-4,2554,C15H12N2O,236.27,benzo[b][1]benzazepine-11-carboxamide
134-62-3,4284,C12H17NO,191.27,"N,N-diethyl-3-methylbenzamide"
58-73-1,3100,C17H21NO,255.35,"2-benzhydryloxy-N,N-dimethylethanamine"
93413-69-5,5656,C17H27NO2,277.4,1-[2-(dimethylamino)-1-(4-methoxyphenyl)ethyl]cyclohexan-1-ol
57-63-6,5991,C20H24O2,296.4,"(8R,9S,13S,14S,17R)-17-ethynyl-13-methyl-7,8,9,11,12,14,15,16-octahydro-6H-cyclopenta[a]phenanthrene-3,17-diol"
84-16-2,192197,C18H22O2,270.4,"4-[(3S,4R)-4-(4-hydroxyphenyl)hexan-3-yl]phenol"
56-53-1,448537,C18H20O2,268.3,4-[(E)-4-(4-hydroxyphenyl)hex-3-en-3-yl]phenol
84-17-3,667476,C18H18O2,266.3,"4-[(2E,4E)-4-(4-hydroxyphenyl)hexa-2,4-dien-3-yl]phenol"
53-16-7,5870,C18H22O2,270.4,"(8R,9S,13S,14S)-3-hydroxy-13-methyl-7,8,9,11,12,14,15,16-octahydro-6H-cyclopenta[a]phenanthren-17-one"
72-33-3,6291,C21H26O2,310.4,"(8R,9S,13S,14S,17R)-17-ethynyl-3-methoxy-13-methyl-7,8,9,11,12,14,15,16-octahydro-6H-cyclopenta[a]phenanthren-17-ol"
57-91-0,68570,C18H24O2,272.4,"(8R,9S,13S,14S,17R)-13-methyl-6,7,8,9,11,12,14,15,16,17-decahydrocyclopenta[a]phenanthrene-3,17-diol"
50-27-1,5756,C18H24O3,288.4,"(8R,9S,13S,14S,16R,17R)-13-methyl-6,7,8,9,11,12,14,15,16,17-decahydrocyclopenta[a]phenanthrene-3,16,17-triol"
50-28-2,5757,C18H24O2,272.4,"(8R,9S,13S,14S,17S)-13-methyl-6,7,8,9,11,12,14,15,16,17-decahydrocyclopenta[a]phenanthrene-3,17-diol"
34816-55-2,11954041,C21H26O3,326.4,"(8S,9S,11S,13S,14S,17R)-17-ethynyl-11-methoxy-13-methyl-7,8,9,11,12,14,15,16-octahydro-6H-cyclopenta[a]phenanthrene-3,17-diol"
474-86-2,223368,C18H20O2,268.3,"(9S,13S,14S)-3-hydroxy-13-methyl-9,11,12,14,15,16-hexahydro-6H-cyclopenta[a]phenanthren-17-one"
5976-61-4,5282360,C18H24O3,288.4,"(8R,9S,13S,14S,17S)-13-methyl-6,7,8,9,11,12,14,15,16,17-decahydrocyclopenta[a]phenanthrene-3,4,17-triol"
53-63-4,5888,C18H24O,256.4,"(8S,9S,13S,14S)-13-methyl-6,7,8,9,11,12,14,15,16,17-decahydrocyclopenta[a]phenanthren-3-ol"
362-05-0,247304,C18H24O3,288.4,"(8R,9S,13S,14S,17S)-13-methyl-6,7,8,9,11,12,14,15,16,17-decahydrocyclopenta[a]phenanthrene-2,3,17-triol"
54-11-5,89594,C10H14N2,162.23,3-[(2S)-1-methylpyrrolidin-2-yl]pyridine
15569-85-4,408,C10H12N2O,176.21,1-methyl-5-pyridin-3-ylpyrrolidin-2-one
42542-10-9,1615,C11H15NO2,193.24,"1-(1,3-benzodioxol-5-yl)-N-methylpropan-2-amine"
125-71-3,5360696,C18H25NO,271.4,"(1S,9S,10S)-4-methoxy-17-methyl-17-azatetracyclo[7.5.3.01,10.02,7]heptadeca-2(7),3,5-triene"
58955-93-4,114725,C15H14N2O3,270.28,"(5S,6S)-5,6-dihydroxy-5,6-dihydrobenzo[b][1]benzazepine-11-carboxamide"
301-02-0,5283387,C18H35NO,281.5,(Z)-octadec-9-enamide
876-04-0,440266,C8H11NO2,153.18,4-[(1R)-2-amino-1-hydroxyethyl]phenol
7432-28-2,3001664,C24H32O7,432.5,"(9S,10S)-3,4,5,14,15,16-hexamethoxy-9,10-dimethyltricyclo[10.4.0.02,7]hexadeca-1(16),2,4,6,12,14-hexaen-9-ol"
95-14-7,7220,C6H5N3,119.12,2H-benzotriazole
1222-05-5,91497,C18H26O,258.4,"4,6,6,7,8,8-hexamethyl-1,3,4,7-tetrahydrocyclopenta[g]isochromene"
7374-53-0,135461611,C9H17N5O,211.26,"4,6-bis(propan-2-ylamino)-1H-1,3,5-triazin-2-one"
97-39-2,7333,C15H17N3,239.32,"1,2-bis(2-methylphenyl)guanidine"
18684-55-4,29212,C20H26O3,314.4,"(1R,4aS,10aR)-1,4a-dimethyl-9-oxo-7-propan-2-yl-3,4,10,10a-tetrahydro-2H-phenanthrene-1-carboxylic acid"
10041-19-7,11339,C20H38O7S,422.6,"1,4-bis(2-ethylhexoxy)-1,4-dioxobutane-2-sulfonic acid"
2243-62-1,16720,C10H10N2,158.2,"naphthalene-1,5-diamine"
2163-68-0,135398733,C8H15N5O,197.24,"4-(ethylamino)-6-(propan-2-ylamino)-1H-1,3,5-triazin-2-one"
103-90-2,1983,C8H9NO2,151.16,N-(4-hydroxyphenyl)acetamide
1912-24-9,2256,C8H14ClN5,215.68,"6-chloro-4-N-ethyl-2-N-propan-2-yl-1,3,5-triazine-2,4-diamine"
16287-71-1,8756,C23H42N+,332.6,benzyl-dimethyl-tetradecylazanium
14800-24-9,5964,C10H16N+,150.24,benzyl(trimethyl)azanium
66722-44-9,2405,C18H31NO4,325.4,1-(propan-2-ylamino)-3-[4-(2-propan-2-yloxyethoxymethyl)phenoxy]propan-2-ol
34911-55-2,444,C13H18ClNO,239.74,2-(tert-butylamino)-1-(3-chlorophenyl)propan-1-one
36507-30-9,2555,C15H12N2O2,252.27,"3-oxa-11-azatetracyclo[10.4.0.02,4.05,10]hexadeca-1(16),5,7,9,12,14-hexaene-11-carboxamide"
10605-21-7,25429,C9H9N3O2,191.19,methyl N-(1H-benzimidazol-2-yl)carbamate
601-57-0,91477,C27H44O,384.6,"(8S,9S,10R,13R,14S,17R)-10,13-dimethyl-17-[(2R)-6-methylheptan-2-yl]-1,2,6,7,8,9,11,12,14,15,16,17-dodecahydrocyclopenta[a]phenanthren-3-one"
541-02-6,10913,C10H30O5Si5,370.77,"2,2,4,4,6,6,8,8,10,10-decamethyl-1,3,5,7,9,2,4,6,8,10-pentaoxapentasilecane"
53-43-0,5881,C19H28O2,288.4,"(3S,8R,9S,10R,13S,14S)-3-hydroxy-10,13-dimethyl-1,2,3,4,7,8,9,11,12,14,15,16-dodecahydrocyclopenta[a]phenanthren-17-one"
5051-22-9,21138,C16H21NO2,259.34,(2R)-1-naphthalen-1-yloxy-3-(propan-2-ylamino)propan-2-ol
540-97-6,10911,C12H36O6Si6,444.92,"2,2,4,4,6,6,8,8,10,10,12,12-dodecamethyl-1,3,5,7,9,11-hexaoxa-2,4,6,8,10,12-hexasilacyclododecane"
481-29-8,441302,C19H30O2,290.4,"(3S,5S,8R,9S,10S,13S,14S)-3-hydroxy-10,13-dimethyl-1,2,3,4,5,6,7,8,9,11,12,14,15,16-tetradecahydrocyclopenta[a]phenanthren-17-one"
104746-04-5,9881504,C15H14N2O2,254.28,"(5S)-5-hydroxy-5,6-dihydrobenzo[b][1]benzazepine-11-carboxamide"
5696-58-2,5288172,C18H26O2,274.4,"(5S,8R,9R,10S,13S,14S)-13-methyl-1,2,4,5,6,7,8,9,10,11,12,14,15,16-tetradecahydrocyclopenta[a]phenanthrene-3,17-dione"
69335-91-7,91701,C15H12F3NO4,327.25,2-[4-[[5-(trifluoromethyl)-2-pyridinyl]oxy]phenoxy]propanoic acid
2631-40-5,17517,C11H15NO2,193.24,(2-propan-2-ylphenyl) N-methylcarbamate
84057-84-1,3878,C9H7Cl2N5,256.09,"6-(2,3-dichlorophenyl)-1,2,4-triazine-3,5-diamine"
29331-92-8,114709,C15H14N2O2,254.28,"5-hydroxy-5,6-dihydrobenzo[b][1]benzazepine-11-carboxamide"
537-46-2,10836,C10H15N,149.23,(2S)-N-methyl-1-phenylpropan-2-amine
93413-62-8,125017,C16H25NO2,263.37,4-[2-(dimethylamino)-1-(1-hydroxycyclohexyl)ethyl]phenol
28721-07-5,34312,C15H12N2O2,252.27,5-oxo-6H-benzo[b][1]benzazepine-11-carboxamide
60207-90-1,43234,C15H17Cl2N3O2,342.2,"1-[[2-(2,4-dichlorophenyl)-4-propyl-1,3-dioxolan-2-yl]methyl]-1,2,4-triazole"
525-66-6,4946,C16H21NO2,259.34,1-naphthalen-1-yloxy-3-(propan-2-ylamino)propan-2-ol
122-34-9,5216,C7H12ClN5,201.66,"6-chloro-2-N,4-N-diethyl-1,3,5-triazine-2,4-diamine"
3930-20-9,5253,C12H20N2O3S,272.37,N-[4-[1-hydroxy-2-(propan-2-ylamino)ethyl]phenyl]methanesulfonamide
144-83-2,5336,C11H11N3O2S,249.29,4-amino-N-pyridin-2-ylbenzenesulfonamide
107534-96-3,86102,C16H22ClN3O,307.82,"1-(4-chlorophenyl)-4,4-dimethyl-3-(1,2,4-triazol-1-ylmethyl)pentan-3-ol"
34014-18-1,5383,C9H16N4OS,228.32,"1-(5-tert-butyl-1,3,4-thiadiazol-2-yl)-1,3-dimethylurea"
126-73-8,31357,C12H27O4P,266.31,tributyl phosphate
738-70-5,5578,C14H18N4O3,290.32,"5-[(3,4,5-trimethoxyphenyl)methyl]pyrimidine-2,4-diamine"
